alpha,eta,rho,T,theta_lr,theta_inner_steps,theta_lambda,bandwidth_scale,theta_mode,theta_optimizer,theta_start_mode,theta_include_beta_cov,beta_update,policy_optimizer,policy_gradient,fisher_damping,cg_iters,cg_tol,state_weight_update,num_trajectories,max_steps,seed,device,status,error,elapsed_seconds,solver_success_rate,solver_avg_return,solver_v_x0,solver_v_gap,greedy_success_rate,greedy_avg_return,greedy_v_x0,greedy_v_gap,final_total_loss,final_policy_objective,final_beta_objective,final_q_objective,final_theta_norm,final_policy_grad_norm,final_beta_grad_norm,final_theta_grad_norm,run_idx
0.0003,3e-05,0.01,1000,0.1,20,0.0001,2.0,reg_fixed,adam,warm,False,fogas_full,npg,exact,0.001,50,1e-10,normal,100,20,42,cpu,ok,,349.16913508500147,0.37,-0.7610667588802643,-0.9367422811859146,3.1516910812732037,0.91,-0.2348475085410635,2.7969776299405607,0.14182218096846216,-4.370862210532763,-28.856431698900103,3.239311284960327,-2.20197319623678,211.48644219961398,8.656235625333489,12.11816473475671,0.0007612709596612846,95
0.0003,3e-05,0.01,1000,0.1,40,0.0001,2.0,reg_fixed,adam,warm,False,fogas_full,npg,exact,0.001,50,1e-10,normal,100,20,42,cpu,ok,,440.875183895012,0.37,-0.7611015810299648,-0.9494160757684497,3.1757163065121783,0.91,-0.2348475085410635,2.7969776299405607,0.14182218096846216,-4.268707724275775,-28.24309661305444,3.087924260852369,-2.1634339148295982,208.462554679937,16.430006425000663,22.040405457281256,0.0013869525811798695,129
0.0003,3e-05,0.01,1000,1.0,20,0.0001,2.0,reg_fixed,adam,warm,False,fogas_full,npg,exact,0.001,50,1e-10,normal,100,20,42,cpu,ok,,224.1196936500055,0.36,-0.7646699703070763,-0.9370929322614074,3.1695591092817272,0.91,-0.2348475085410635,2.7969776299405607,0.14182218096846216,-5.1678454125856135,-27.415480538546767,2.015785738431833,-2.7871158298884917,221.2821100385484,86.1393628670709,119.42824935806432,0.00711074604827934,131
0.0003,3e-05,0.01,1000,0.3,40,0.0001,2.0,reg_fixed,adam,warm,False,fogas_full,npg,exact,0.001,50,1e-10,normal,100,20,42,cpu,ok,,356.38602299100603,0.36,-0.7667850852979043,-0.9597645907803964,3.18368679176184,0.91,-0.2348475085410635,2.7969776299405607,0.14182218096846216,-4.4808579387401775,-33.434914740601535,3.508479224185921,-2.3246554330212854,210.89391959123583,48.86901848756402,68.67547642966744,0.004088706559651141,102
0.0003,3e-05,0.01,1000,0.3,20,0.0001,2.0,reg_fixed,adam,warm,False,fogas_full,npg,exact,0.001,50,1e-10,normal,100,20,42,cpu,ok,,350.6279628290067,0.36,-0.7668697825856671,-0.9525033061883976,3.1822131717828386,0.91,-0.2348475085410635,2.7969776299405607,0.14182218096846216,-4.284817462599307,-27.813513414882543,2.9365452322265537,-2.173443555784478,208.75445248345665,25.951561235326956,35.48625869798869,0.002203015263963121,96
0.0003,3e-05,0.01,1000,1.0,20,0.0001,1.5,reg_fixed,adam,warm,False,fogas_full,npg,exact,0.001,50,1e-10,normal,100,20,42,cpu,ok,,259.2528336760006,0.29,-0.8018583176280465,-1.364719966276575,3.984087883085501,0.91,-0.2348475085410635,2.790370910059971,0.14341654059904638,-5.707714625503276,-55.83601444342576,5.027430472408665,-2.928729691238407,238.3161848718077,45.373704606232465,61.14502996854116,0.0032954589183841745,134
0.0003,3e-05,0.01,1000,0.1,20,0.0001,1.5,reg_fixed,adam,warm,False,fogas_full,npg,exact,0.001,50,1e-10,normal,100,20,42,cpu,ok,,394.9476873209933,0.29,-0.8024206415146387,-1.3290000560159125,3.931186687133392,0.91,-0.2348475085410635,2.790370910059971,0.14341654059904638,-5.705041894007339,-54.40204648072151,5.697002641873217,-2.867301832862972,240.68397650837983,4.2832357247949995,9.46739867972986,0.000413416418301116,122
0.0003,3e-05,0.01,1000,0.3,20,0.0001,1.5,reg_fixed,adam,warm,False,fogas_full,npg,exact,0.001,50,1e-10,normal,100,20,42,cpu,ok,,335.31969312400906,0.29,-0.8024881841005224,-1.3567197260636918,3.9737609082501786,0.91,-0.2348475085410635,2.790370910059971,0.14341654059904638,-5.466215020018378,-53.284723097976396,5.636231747112278,-2.744643851798442,235.86775893733386,13.376863760653578,19.932715022173078,0.0010964342625313002,83
0.0003,3e-05,0.01,1000,0.3,40,0.0001,1.5,reg_fixed,adam,warm,False,fogas_full,npg,exact,0.001,50,1e-10,normal,100,20,42,cpu,ok,,369.10389381999266,0.29,-0.8024881841005224,-1.3628882336774755,3.982723655407642,0.91,-0.2348475085410635,2.790370910059971,0.14341654059904638,-5.485944828355841,-51.90761141868802,5.553760017061743,-2.76541455244411,235.8384249006757,23.882190207412254,33.42137078351331,0.0017157717676906602,113
0.0003,3e-05,0.01,1000,0.1,40,0.0001,1.5,reg_fixed,adam,warm,False,fogas_full,npg,exact,0.001,50,1e-10,normal,100,20,42,cpu,ok,,389.72661271100515,0.29,-0.8024881841005224,-1.3491252110603746,3.9629588285489863,0.91,-0.2348475085410635,2.790370910059971,0.14341654059904638,-5.500515933003541,-53.19847882726532,5.60448876602066,-2.7696917229626568,236.24309366819023,7.7695035191246165,13.07258796412117,0.0005935491351469029,121
0.0003,3e-05,0.01,1000,0.1,20,1e-08,2.5,reg_fixed,adam,warm,False,fogas_full,npg,exact,0.001,50,1e-10,normal,100,20,42,cpu,ok,,294.5273306230083,0.45,-0.6881001144579654,-0.7930866162346433,3.419816145434043,0.9,-0.23731719325965206,2.7854175127034995,0.19735390472390352,78.36008818279116,-1616.447950660916,162.74075066307066,78.16318518439003,1652.6753980567944,73.08956463994672,145.4842786720117,0.3519065683911511,23
0.0003,3e-05,0.01,1000,0.1,20,1e-05,2.5,reg_fixed,adam,warm,False,fogas_full,npg,exact,0.001,50,1e-10,normal,100,20,42,cpu,ok,,305.8372286189988,0.35,-0.7706103344047734,-1.1610592197435394,3.525024893314039,0.9,-0.2372664184475662,2.7780642670527267,0.24267727338298511,-9.980792523403554,143.74280310186552,-36.37326028641367,-3.6650832836699117,1134.3340141193935,12.805185023798733,57.68920647675453,0.007289860391336717,32
0.0003,3e-05,0.01,1000,0.3,40,0.0001,2.5,reg_fixed,adam,warm,False,fogas_full,npg,exact,0.001,50,1e-10,normal,100,20,42,cpu,ok,,230.96376260100806,0.3,-0.7830582523489719,-0.9701106116821752,3.1826089559558315,0.9,-0.23825500677722997,2.7698837443107167,0.2629961298305743,-3.509229216552658,-14.782547497089435,3.0617389807931366,-1.9294581890490383,182.60664632494814,76.845906823214,98.82864152070289,0.007683122282222477,3
0.0003,3e-05,0.01,1000,0.1,20,0.0001,2.5,reg_fixed,adam,warm,False,fogas_full,npg,exact,0.001,50,1e-10,normal,100,20,42,cpu,ok,,268.9177949610021,0.3,-0.7906608062576739,-0.965990676169711,3.1886107146275795,0.9,-0.23825500677722997,2.7698837443107167,0.2629961298305743,-3.172985989100151,-8.44053312260105,2.192164758056798,-1.6074639248190006,181.8876911780962,13.532413668510687,16.274801602758945,0.0013972403413344075,11
0.0003,3e-05,0.01,1000,0.3,20,0.0001,2.5,reg_fixed,adam,warm,False,fogas_full,npg,exact,0.001,50,1e-10,normal,100,20,42,cpu,ok,,337.72427150698786,0.29,-0.7904766829655199,-0.9657002504758635,3.183139815552652,0.9,-0.23825500677722997,2.7698837443107167,0.2629961298305743,-3.1580145806167637,-14.591762612745322,3.2269750129981705,-1.6156070515980931,180.56005523588004,40.13641207941694,42.67334302693859,0.004621991325624625,86
0.0003,3e-05,0.01,1000,0.1,40,0.0001,2.5,reg_fixed,adam,warm,False,fogas_full,npg,exact,0.001,50,1e-10,normal,100,20,42,cpu,ok,,346.2111978190078,0.29,-0.7913605550654004,-0.9682651505952456,3.192953683030468,0.9,-0.23825500677722997,2.7698837443107167,0.2629961298305743,-3.104040865880131,-8.451509567736068,1.97152713106802,-1.5945401096770226,178.74713983983818,26.04159940053289,31.31297189543596,0.0026112070374583398,93
0.0003,3e-05,0.01,1000,1.0,20,3e-06,2.5,reg_fixed,adam,warm,False,fogas_full,npg,exact,0.001,50,1e-10,normal,100,20,42,cpu,ok,,318.6979243359965,0.62,-0.5745124068302044,-0.0687246537770586,2.5317121382947985,0.89,-0.24290053397436892,2.715518754418928,0.3071739801794283,170.91974593363676,398.843990879132,116.68340034240173,185.99364195173524,3178.8822895331364,117.83060172641504,1777.3057963027827,0.24021757072908786,52
0.0003,3e-05,0.01,1000,1.0,20,3e-06,1.5,reg_fixed,adam,warm,False,fogas_full,npg,exact,0.001,50,1e-10,normal,100,20,42,cpu,ok,,410.7522060409974,0.28,-0.8151330321905044,-1.762688012637269,4.06440967051642,0.89,-0.24830901927464893,2.480706699789737,0.4271978438041135,-28.740079296176226,-513.834718617137,35.726830247471106,-25.57040493014396,1477.5907574654127,72.00177251077206,104.49099121215349,0.10086171865259724,126
0.0003,3e-05,0.01,1000,1.0,20,3e-08,2.0,reg_fixed,adam,warm,False,fogas_full,npg,exact,0.001,50,1e-10,normal,100,20,42,cpu,ok,,287.7887525630067,0.79,-0.39498926075114704,2.0876039240421944,0.4868719494958894,0.88,-0.24315013981632957,2.7297676221618774,0.29315763018601626,-52.63852434559141,9456.808587121537,-328.0932074265722,-52.22545426523104,5939.291903890444,526.9826516446096,1641.0960806835933,1.9791875724977144,21
0.0003,3e-05,0.01,1000,0.1,40,3e-08,2.5,reg_fixed,adam,warm,False,fogas_full,npg,exact,0.001,50,1e-10,normal,100,20,42,cpu,ok,,313.263784869996,0.32,-0.7626514388214936,-1.4306497104820428,4.0862849575231905,0.82,-0.28599386865835336,1.6464034790706334,4.9483725547606205,28.870890238928098,2827.9972527769582,-267.51808488334365,29.073358107724854,3422.238514365888,80.67745326185225,543.3963024908261,0.15122842226000896,45
0.0003,3e-05,0.01,1000,1.0,40,1e-07,2.0,reg_fixed,adam,warm,False,fogas_full,npg,exact,0.001,50,1e-10,normal,100,20,42,cpu,ok,,190.21767293699668,0.56,-0.5257744114588006,-0.17234627297839794,1.7032907591886186,0.81,-0.2930053877790007,2.403020365582303,0.36663445151862345,-368.3988469765243,-6867.972822767494,160.85881743536436,-364.28639169798765,9531.905023954068,99.63032329911735,4746.586191503097,0.870383005997306,132
0.0003,3e-05,0.01,1000,0.1,20,3e-08,2.5,reg_fixed,adam,warm,False,fogas_full,npg,exact,0.001,50,1e-10,normal,100,20,42,cpu,ok,,296.9668985669996,0.43,-0.7572390744183071,-0.8368489489543538,3.3488716100839726,0.45,-0.6415747960090425,0.5303955301301834,1.527078267468611,125.68982372788956,-1800.162460646995,221.3706827642305,125.51582581020241,1607.0499305350052,89.15811667916184,178.79991509167877,0.3602197862343004,24
0.0003,3e-05,0.01,1000,0.1,20,3e-07,2.5,reg_fixed,adam,warm,False,fogas_full,npg,exact,0.001,50,1e-10,normal,100,20,42,cpu,ok,,299.3039618719922,0.34,-0.7704159867767164,-0.3871932136040587,2.4389143190241236,0.38,-0.7160157847398939,0.29176073286096277,0.49173692716022216,91.93251678937742,-1964.8516464433944,200.24706644155773,92.0810501757676,1525.7924299182905,23.330285529112587,162.70913837494248,0.34470473485851516,26
0.0003,3e-05,0.01,1000,0.1,20,3e-06,2.0,reg_fixed,adam,warm,False,fogas_full,npg,exact,0.001,50,1e-10,normal,100,20,42,cpu,ok,,344.9818279710016,0.08,-0.864933584012897,-1.1593279797572742,3.8270567504144815,0.35,-0.7310980128212037,0.021676068938932924,1.9117435902217057,-18.096696400838255,1107.200404355898,-120.16986370763384,-10.923777225772831,2217.360097322752,25.179698273636326,190.88973188567658,0.087909011049627,91
0.0003,3e-05,0.01,1000,0.1,40,3e-07,2.5,reg_fixed,adam,warm,False,fogas_full,npg,exact,0.001,50,1e-10,normal,100,20,42,cpu,ok,,278.16078524400655,0.37,-0.73302011078794,-1.383153015594967,4.002296129206933,0.33,-0.7612153348472434,-0.8428911367707633,3.56449198620703,124.88476638504547,1614.8198047263395,-126.2057855006713,126.31268000594385,3096.906495348384,19.17739280780648,456.3374740419078,0.10218919786823714,19
0.0003,3e-05,0.01,1000,0.1,40,3e-06,2.5,reg_fixed,adam,warm,False,fogas_full,npg,exact,0.001,50,1e-10,normal,100,20,42,cpu,ok,,331.87194312499196,0.3,-0.8037732612295204,-1.3557169136723377,4.581671421676997,0.31,-0.7735738126426962,-0.587362665939539,5.218532052926355,99.41218966354776,-3143.0646041920436,265.9692803871188,110.86685617667226,2794.423190202117,100.46457672821488,332.989676794405,0.18541465510810312,77
0.0003,3e-05,0.01,1000,0.1,20,0.001,1.5,reg_fixed,adam,warm,False,fogas_full,npg,exact,0.001,50,1e-10,normal,100,20,42,cpu,ok,,334.4744550750038,0.04,-0.8809509128495726,-1.3172208921514228,4.072058122109372,0.17,-0.8071259753419742,-0.5443852022686777,2.486783180751653,-5.70345540255096,-17.30257467401522,1.8575586417930474,-2.863652697170814,75.72197686166794,0.634194877124676,6.478384911486953,0.00016317091807064546,81
0.0003,3e-05,0.01,1000,0.1,40,0.001,1.5,reg_fixed,adam,warm,False,fogas_full,npg,exact,0.001,50,1e-10,normal,100,20,42,cpu,ok,,352.69829020999896,0.04,-0.8809509128495726,-1.3174897969987018,4.072154928833267,0.17,-0.8071259753419742,-0.5443852022686777,2.486783180751653,-5.693929746457304,-17.283484268958166,1.8561119423060122,-2.860975032424103,75.63135431666272,0.6365595929664152,6.464002073437528,3.477195110690053e-05,98
0.0003,3e-05,0.01,1000,0.3,20,0.001,1.5,reg_fixed,adam,warm,False,fogas_full,npg,exact,0.001,50,1e-10,normal,100,20,42,cpu,ok,,358.22966179098876,0.04,-0.88105940718163,-1.317203704510616,4.071282513386974,0.17,-0.8071259753419742,-0.5443852022686777,2.486783180751653,-5.699883041689072,-17.34291620971977,1.8660403471233602,-2.8552632047150555,75.78670064755099,0.6399977179227742,6.467901756246994,0.0005097321009832737,106
0.0003,3e-05,0.01,1000,0.3,40,0.001,1.5,reg_fixed,adam,warm,False,fogas_full,npg,exact,0.001,50,1e-10,normal,100,20,42,cpu,ok,,380.388890481001,0.04,-0.88105940718163,-1.3176100893532632,4.072110608160992,0.17,-0.8071259753419742,-0.5443852022686777,2.486783180751653,-5.690002373124575,-17.287157246290807,1.8573047950425512,-2.858810468413845,75.60810294256773,0.6327774723869732,6.4670021261662995,0.0001041698371965898,117
0.0003,3e-05,0.01,1000,1.0,20,0.001,2.5,reg_fixed,adam,warm,False,fogas_full,npg,exact,0.001,50,1e-10,normal,100,20,42,cpu,ok,,249.8056660600123,0.07,-0.8714878581504759,-1.2962852991925229,3.9956080096867614,0.16,-0.8115538428528041,-0.6593830381492003,2.6540510295717836,-4.679439849070764,-38.755237819399284,4.4553868078022845,-2.381165993711186,68.84448263477991,0.48127373796219036,14.272458223728457,0.001413191528165466,135
0.0003,3e-05,0.01,1000,0.3,20,0.001,2.5,reg_fixed,adam,warm,False,fogas_full,npg,exact,0.001,50,1e-10,normal,100,20,42,cpu,ok,,271.0269789479935,0.07,-0.8714878581504759,-1.2965796339708298,3.99677086938239,0.16,-0.8115538428528041,-0.6593830381492003,2.6540510295717836,-4.743941853623134,-39.03574095216999,4.490067609399697,-2.4004451981710195,69.49390596908816,0.699360722346437,14.244820291305668,0.0004962656300408455,13
0.0003,3e-05,0.01,1000,0.1,20,0.001,2.5,reg_fixed,adam,warm,False,fogas_full,npg,exact,0.001,50,1e-10,normal,100,20,42,cpu,ok,,305.98930351900344,0.07,-0.8714878581504759,-1.2967873517112138,3.9978447866641225,0.16,-0.8115538428528041,-0.6593830381492003,2.6540510295717836,-4.765497804365199,-38.96649475452197,4.468350139508151,-2.417755849434944,69.55162803420328,0.6108254937829719,14.295824221770179,0.00016924213239136082,34
0.0003,3e-05,0.01,1000,0.1,40,0.001,2.5,reg_fixed,adam,warm,False,fogas_full,npg,exact,0.001,50,1e-10,normal,100,20,42,cpu,ok,,318.88955778199306,0.07,-0.8714878581504759,-1.296732675018629,3.997349578087371,0.16,-0.8115538428528041,-0.6593830381492003,2.6540510295717836,-4.750172496569996,-38.90981266701428,4.464859211593192,-2.4113260313110634,69.42449688928937,0.5930180353059759,14.27091582556227,4.2713230766236804e-05,51
0.0003,3e-05,0.01,1000,0.3,40,0.001,2.5,reg_fixed,adam,warm,False,fogas_full,npg,exact,0.001,50,1e-10,normal,100,20,42,cpu,ok,,322.43514082201,0.07,-0.8714878581504759,-1.2967738654438492,3.9971934873360855,0.16,-0.8115538428528041,-0.6593830381492003,2.6540510295717836,-4.742012620847161,-38.87036356962393,4.461082205484223,-2.40856404103903,69.34700927612214,0.6121319997659386,14.238411850687688,9.675202232100271e-05,61
0.0003,3e-05,0.01,1000,0.1,40,0.001,2.0,reg_fixed,adam,warm,False,fogas_full,npg,exact,0.001,50,1e-10,normal,100,20,42,cpu,ok,,245.16935483000998,0.06,-0.8771632832607827,-1.2896008256284226,3.982385944489015,0.16,-0.8115538428528041,-0.6593883184335185,2.6541150790739034,-5.156799820636561,-26.9026710562326,3.219161241761889,-2.6044671433004507,72.16357210239721,0.7304388501602987,10.701406075097614,3.8925516045005106e-05,7
0.0003,3e-05,0.01,1000,0.3,40,0.001,2.0,reg_fixed,adam,warm,False,fogas_full,npg,exact,0.001,50,1e-10,normal,100,20,42,cpu,ok,,307.22775289400306,0.06,-0.8771632832607827,-1.2896605500657894,3.9822413492727216,0.16,-0.8115538428528041,-0.6593883184335185,2.6541150790739034,-5.149181592319115,-26.882045177659222,3.218040564595935,-2.602058595370794,72.09146225539851,0.7278527544042551,10.684480777291121,0.00010151002990152925,37
0.0003,3e-05,0.01,1000,0.1,20,0.001,2.0,reg_fixed,adam,warm,False,fogas_full,npg,exact,0.001,50,1e-10,normal,100,20,42,cpu,ok,,310.9199910079915,0.06,-0.8771632832607827,-1.2895914866097726,3.9827387521294835,0.16,-0.8115538428528041,-0.6593883184335185,2.6541150790739034,-5.167812918375357,-26.92965779835888,3.2210052113247896,-2.6090834665271134,72.25187163084618,0.7338221663815881,10.711422354980071,0.00015988678262252506,41
0.0003,3e-05,0.01,1000,0.3,20,0.001,2.0,reg_fixed,adam,warm,False,fogas_full,npg,exact,0.001,50,1e-10,normal,100,20,42,cpu,ok,,311.5873581610067,0.06,-0.8771632832607827,-1.2893234007699765,3.9814481261455206,0.16,-0.8115538428528041,-0.6593883184335185,2.6541150790739034,-5.140403777862119,-26.911303814691554,3.2243952782042427,-2.5958642449882725,72.0574560075643,0.696259829673681,10.703216330182363,0.00043863451935749037,42
0.0003,3e-05,0.01,1000,0.3,20,3e-08,2.0,reg_fixed,adam,warm,False,fogas_full,npg,exact,0.001,50,1e-10,normal,100,20,42,cpu,ok,,269.0642176440015,0.06,-0.9259571397213564,-1.8837302419457103,4.389950681974955,0.12,-0.8777007736259386,-1.2614410631089499,4.254715220704003,252.49245492319668,3524.21411536709,3.6996715888395992,252.4461968253605,3849.7232509788705,99.79772282110643,381.1550964542823,1.594850722128975,12
0.0003,3e-05,0.01,1000,0.3,20,3e-06,2.5,reg_fixed,adam,warm,False,fogas_full,npg,exact,0.001,50,1e-10,normal,100,20,42,cpu,ok,,327.055336963007,0.25,-0.8265270249523787,-1.4991461038855531,4.114971041731172,0.1,-0.9466225328024013,-3.907862004193033,6.526995850863103,27.0284617066294,-2479.45972141121,273.2719148448242,35.9583376428148,2467.1710449331986,32.696731959917884,359.40178162680206,0.06889012201702897,70
0.0003,3e-05,0.01,1000,0.3,20,1e-05,2.5,reg_fixed,adam,warm,False,fogas_full,npg,exact,0.001,50,1e-10,normal,100,20,42,cpu,ok,,318.3804407139978,0.17,-0.8486218987606117,-1.6539052942256414,4.3311018840311775,0.09,-0.9436977366209157,-4.049363370502452,6.635497089785719,-9.931394090889121,2.0064243803975046,-5.354927444509091,-6.65807331697286,824.9169204033095,240.81725713080075,265.7143061701662,0.06987890048430727,49
0.0003,3e-05,0.01,1000,0.1,20,1e-05,2.0,reg_fixed,adam,warm,False,fogas_full,npg,exact,0.001,50,1e-10,normal,100,20,42,cpu,ok,,342.20833375200164,0.14,-0.8673675633979816,-1.7598650586161515,4.571155852174525,0.09,-0.9415299088910913,-4.032354116785995,6.53327008303847,-3.6524096769286984,-74.78376774492531,10.509878358211216,-1.290946239968977,706.0418255738762,24.88756256535801,25.58167471491997,0.01051888493913503,88
0.0003,3e-05,0.01,1000,0.1,40,1e-05,2.5,reg_fixed,adam,warm,False,fogas_full,npg,exact,0.001,50,1e-10,normal,100,20,42,cpu,ok,,323.308175069993,0.25,-0.8239595620463325,-1.5330388679341178,4.066964023971923,0.08,-0.9449374071272578,-4.06365841941364,6.666027302612886,-3.492569497621977,-37.10877115320476,6.775324447213912,-1.0287986314580477,718.2016829102813,21.881319482675764,33.785537228709366,0.02342063368013688,63
0.0003,3e-05,0.01,1000,1.0,20,1e-05,2.5,reg_fixed,adam,warm,False,fogas_full,npg,exact,0.001,50,1e-10,normal,100,20,42,cpu,ok,,331.35742852499243,0.18,-0.8331224536291999,-1.9213456611794042,4.389817733171499,0.08,-0.9521354626666167,-4.071237683664283,6.6695853897618465,-19.173920139221934,-37.777084786079556,-38.32158174841782,-12.19007665080188,1190.5736290690108,254.69702552498723,361.53028075280986,0.24825406360478572,76
0.0003,3e-05,0.01,1000,0.3,40,1e-05,2.5,reg_fixed,adam,warm,False,fogas_full,npg,exact,0.001,50,1e-10,normal,100,20,42,cpu,ok,,330.34800632100087,0.16,-0.845765462587738,-1.504813235634678,4.269058925799523,0.08,-0.9449374071272578,-4.060869919062281,6.577492402137464,-12.597789787067228,-818.1003885746636,83.33380478590206,-7.657879228720345,1007.4278140023738,200.69964468794402,341.81739707151655,0.16685273808351145,72
0.0003,3e-05,0.01,1000,0.3,40,3e-08,2.0,reg_fixed,adam,warm,False,fogas_full,npg,exact,0.001,50,1e-10,normal,100,20,42,cpu,ok,,306.0535713749996,0.13,-0.894284138456167,-2.713337661419709,5.644961647511515,0.08,-0.9511976491490388,-4.053799530980667,6.625558314395687,538.8490321731246,-2577.4512139800845,731.5465113951093,538.7162318246677,3887.9284485131843,580.6723530082102,466.5675455198599,0.6998106121875454,35
0.0003,3e-05,0.01,1000,0.1,20,1e-06,2.0,reg_fixed,adam,warm,False,fogas_full,npg,exact,0.001,50,1e-10,normal,100,20,42,cpu,ok,,317.32629379900754,0.17,-0.8439148383458693,-0.9437894946621153,3.2343631635444727,0.07,-0.8449752923477536,-0.6631959993093136,2.0075174184939493,71.08366375777939,-1443.3768041962683,112.29331386886987,73.00917946274566,2082.9345232157884,106.81915530336009,102.30177561623121,0.27716536301409983,48
0.0003,3e-05,0.01,1000,0.1,40,1e-08,2.5,reg_fixed,adam,warm,False,fogas_full,npg,exact,0.001,50,1e-10,normal,100,20,42,cpu,ok,,325.81356010500167,0.15,-0.8762910719407269,-2.6440476344002612,4.910928714537073,0.07,-0.9318779141315078,-4.772503244170329,6.708692427924481,121.10764021490152,1088.50073151062,-90.05235926096282,121.1519892054197,3067.185685756279,55.561428803027056,372.93878936350075,0.1259009530279126,69
0.0003,3e-05,0.01,1000,0.1,20,3e-07,2.0,reg_fixed,adam,warm,False,fogas_full,npg,exact,0.001,50,1e-10,normal,100,20,42,cpu,ok,,332.97108880199085,0.12,-0.8459969542007627,-1.0502331543949481,3.629014225227783,0.07,-0.8449752923477536,-0.6410739357276819,1.9680831624997337,81.38466013976438,-1613.231853114597,130.75451180483086,81.83297058119595,2188.2585763734974,66.84664650058487,137.46961103713423,0.3351289916182639,78
0.0003,3e-05,0.01,1000,0.1,20,3e-06,2.5,reg_fixed,adam,warm,False,fogas_full,npg,exact,0.001,50,1e-10,normal,100,20,42,cpu,ok,,302.5174586720095,0.47,-0.6995031979352865,0.028152131098060806,2.2576926440152825,0.06,-0.8527279154580634,-0.9267718954840486,3.640244541739799,-108.51494233685337,1488.8903509081056,-208.9667765458863,-103.91037257541684,1785.3463250185384,37.56352172741174,228.60035752848233,0.15299001054392092,29
0.0003,3e-05,0.01,1000,0.1,20,1e-07,2.0,reg_fixed,adam,warm,False,fogas_full,npg,exact,0.001,50,1e-10,normal,100,20,42,cpu,ok,,333.267278653002,0.12,-0.8644688750072455,-1.5615165703442375,4.422830622862829,0.06,-0.8988873882277058,-2.3236769135006954,4.018604913208118,79.4472869225485,-1715.0181598005115,135.93641796905376,79.30131903845181,1876.1325849219895,61.303538017536994,109.89017389723057,0.4482458373124213,79
0.0003,3e-05,0.01,1000,0.3,20,3e-08,2.5,reg_fixed,adam,warm,False,fogas_full,npg,exact,0.001,50,1e-10,normal,100,20,42,cpu,ok,,319.92900994500087,0.12,-0.8975190513939937,-3.0500972199831455,4.273397245489321,0.06,-0.9308660304127906,-4.632647805052984,4.398079676685026,50.33707556568518,-269.28989763138645,78.1256357534752,50.406325641100196,2731.587580030638,23.079319566522997,310.2533575805611,0.337960044876187,55
0.0003,3e-05,0.01,1000,1.0,20,1e-05,1.5,reg_fixed,adam,warm,False,fogas_full,npg,exact,0.001,50,1e-10,normal,100,20,42,cpu,ok,,405.15943992498796,0.15,-0.8780969633027922,-1.9661400773024105,4.7220372113532125,0.05,-0.9296955412880104,-2.180677204147622,5.065805451123065,-12.228570109423178,31.78209383253418,-14.714834203694288,-11.506954592512376,411.0925423937595,138.6271513079895,124.73650014053737,0.11711660758298642,123
0.0003,3e-05,0.01,1000,0.3,20,1e-05,1.5,reg_fixed,adam,warm,False,fogas_full,npg,exact,0.001,50,1e-10,normal,100,20,42,cpu,ok,,405.5736873040005,0.13,-0.8772732943110687,-2.0015860457021204,4.765318111308172,0.05,-0.9296955412880104,-2.180677204147618,5.06580545112306,-1.1920779324519106,7.557066253260727,-2.4148789316845263,-0.9181793530180145,281.7204849068122,69.36336132432932,79.52500438068326,0.036812793461800886,125
0.0003,3e-05,0.01,1000,0.1,20,1e-07,2.5,reg_fixed,adam,warm,False,fogas_full,npg,exact,0.001,50,1e-10,normal,100,20,42,cpu,ok,,259.0979277400038,0.28,-0.7869680649752585,-1.200770749611039,3.74536687262422,0.04,-0.8641388945190933,-0.9637759039100395,3.725591547378437,49.51505136479308,-1122.6412041781684,114.56671670741704,49.41806876101398,1505.2101913689276,53.86498752333264,97.10324521494297,0.39916316592151024,9
0.0003,3e-05,0.01,1000,0.3,40,1e-05,2.0,reg_fixed,adam,warm,False,fogas_full,npg,exact,0.001,50,1e-10,normal,100,20,42,cpu,ok,,357.83882364099554,0.18,-0.861363924835717,-1.8707493954629597,4.7501009588591305,0.04,-0.9292569258809182,-2.092087680942122,4.943094908520115,-7.422595304984648,96.42859083521668,-10.532091073487969,-6.719738145025923,410.5001237425327,183.07523060857235,184.50800293130197,0.06975927391164956,105
0.0003,3e-05,0.01,1000,0.3,20,1e-05,2.0,reg_fixed,adam,warm,False,fogas_full,npg,exact,0.001,50,1e-10,normal,100,20,42,cpu,ok,,389.0905623949948,0.15,-0.8672932524082165,-1.9677162703964273,4.958689061491912,0.04,-0.9292569258809182,-2.092087680942122,4.943094908520115,-2.81107023871873,-75.31335462973814,7.7811330786774855,-2.2917107565925923,362.3857327281891,65.13143694579445,91.56988471934598,0.12515392044572823,120
0.0003,3e-05,0.01,1000,0.1,40,1e-05,2.0,reg_fixed,adam,warm,False,fogas_full,npg,exact,0.001,50,1e-10,normal,100,20,42,cpu,ok,,360.8222610649973,0.11,-0.8808392986041745,-1.971067210310083,4.874374836515794,0.04,-0.9292569258809182,-2.1335464460232845,4.953099919719211,-1.380872469832855,-18.494736143476043,3.6405927633596673,-0.8623686983055764,361.1419865435488,45.592114313280284,71.26745914167088,0.019840659358318486,107
0.0003,3e-05,0.01,1000,0.3,20,3e-06,2.0,reg_fixed,adam,warm,False,fogas_full,npg,exact,0.001,50,1e-10,normal,100,20,42,cpu,ok,,330.69427495400305,0.03,-0.9374617947226589,-2.5201809691637393,5.5246350833099065,0.04,-0.9270335397001215,-2.143549880313646,4.957813924253687,-28.460157694822115,-789.129650492167,-7.645304251014971,-23.527056899864867,1840.789962818733,30.991390957987214,123.37993648329886,0.0734204632230718,74
0.0003,3e-05,0.01,1000,1.0,20,1e-05,2.0,reg_fixed,adam,warm,False,fogas_full,npg,exact,0.001,50,1e-10,normal,100,20,42,cpu,ok,,274.31945136199647,0.14,-0.8740484261820411,-1.8810496992061583,4.69194727803189,0.03,-0.9317266105995068,-2.1481998569990015,5.053615647432732,0.3902185385181056,-358.87039450083705,49.008267721608775,2.5848030443072014,679.4056937753295,84.39328897347384,130.44201825782127,0.20683801632562204,15
0.0003,3e-05,0.01,1000,0.1,40,3e-06,2.0,reg_fixed,adam,warm,False,fogas_full,npg,exact,0.001,50,1e-10,normal,100,20,42,cpu,ok,,322.0204443830007,0.0,-0.9126004482450906,-1.8288281542387486,4.800258525331211,0.03,-0.9295032244187099,-2.158896397456949,4.977795823761147,30.783506690331706,-1934.7183771129603,242.68820561449766,38.95147707977991,2362.99779788744,108.75605777942316,359.07882570803895,0.12496686090791341,58
0.0003,3e-05,0.01,1000,0.1,40,1e-05,1.5,reg_fixed,adam,warm,False,fogas_full,npg,exact,0.001,50,1e-10,normal,100,20,42,cpu,ok,,413.03509171800397,0.13,-0.8807174113405867,-2.0206554124590044,4.761169513207545,0.02,-0.9105357381355433,-1.9506800014147274,4.8776609757015255,-0.9408356024462148,1.3845880071986896,0.9744949200897777,-0.6470008168854153,288.7041208530929,25.0908209233551,21.511958459937368,0.013217854721104092,127
0.0003,3e-05,0.01,1000,0.3,40,1e-05,1.5,reg_fixed,adam,warm,False,fogas_full,npg,exact,0.001,50,1e-10,normal,100,20,42,cpu,ok,,405.4448229260015,0.13,-0.8863954851406736,-2.00329086976076,4.743885768165943,0.02,-0.9105357381355433,-1.9506800014147274,4.8776609757015255,-1.4581860148349173,-31.124366015598344,-3.8286104915726553,-1.1243376988875102,301.69658705562057,57.50463183220219,72.29488504420105,0.026295695425222115,124
0.0003,3e-05,0.01,1000,0.1,20,1e-05,1.5,reg_fixed,adam,warm,False,fogas_full,npg,exact,0.001,50,1e-10,normal,100,20,42,cpu,ok,,374.67951898901083,0.11,-0.8918810485599425,-2.0585868588542677,4.851238088306073,0.02,-0.9105357381355433,-1.9506800014147274,4.8776609757015255,-1.6182773961463166,106.79776590283561,-11.224626331404528,-0.776502767541339,441.43628575728826,9.037053402557392,16.135111125669702,0.010972229450881344,115
0.0003,3e-05,0.01,1000,0.3,20,1e-06,2.5,reg_fixed,adam,warm,False,fogas_full,npg,exact,0.001,50,1e-10,normal,100,20,42,cpu,ok,,319.5567430390074,0.09,-0.8710615914712646,-1.509300804681312,3.131218107166965,0.02,-0.8861979212947552,-1.3217807791599705,2.1131176962032803,-115.50939551489238,-718.7208550532248,13.058946096204417,-111.83586423642208,2705.3872990728887,82.46556358628847,476.83361269028666,0.20762310748284063,54
0.0003,3e-05,0.01,1000,0.1,20,3e-08,2.0,reg_fixed,adam,warm,False,fogas_full,npg,exact,0.001,50,1e-10,normal,100,20,42,cpu,ok,,316.17374601599295,0.05,-0.8684117908045734,-1.1621749543289461,4.048680099485795,0.02,-0.8770133517272136,-1.0115885383469714,3.76972051340089,67.66230370657084,-2289.745032212281,168.06765607737398,67.45150713152826,2095.8384814971864,153.13888477598633,265.1728370711496,0.7060381005687953,47
0.0003,3e-05,0.01,1000,0.3,20,3e-06,1.5,reg_fixed,adam,warm,False,fogas_full,npg,exact,0.001,50,1e-10,normal,100,20,42,cpu,ok,,368.3874619970011,0.04,-0.8880770004508048,-1.6454639839090497,4.397475733149227,0.02,-0.8755636136344473,-1.1027771132333997,3.8408935603360255,-3.606517315044901,203.60899266495557,-6.602551562705351,6.77681117510611,2646.9091582907945,45.17526870431278,167.2204196603832,0.07992531750185308,112
0.0003,3e-05,0.01,1000,1.0,20,3e-07,2.5,reg_fixed,adam,warm,False,fogas_full,npg,exact,0.001,50,1e-10,normal,100,20,42,cpu,ok,,299.0159134909918,0.04,-0.9068718819092066,-2.011123107169433,4.543928903932564,0.02,-0.9216951436908348,-2.3713449533471818,5.638543760339736,371.50837472766625,-5342.701621758293,699.857314504415,374.79597935344583,4858.464769820205,510.6053125649093,800.4188185557604,0.8538608348602661,25
0.0003,3e-05,0.01,1000,0.3,20,1e-08,1.5,reg_fixed,adam,warm,False,fogas_full,npg,exact,0.001,50,1e-10,normal,100,20,42,cpu,ok,,313.4455420089944,0.0,-0.8937723599034233,-1.5737374499239545,4.5678532776902125,0.02,-0.8754788033656551,-1.1359934500381652,4.146313863671302,39.89951793165289,1791.0258676684407,11.925691327983362,39.65735272615078,3427.1392704233913,138.05758414174025,287.74423858335206,0.7344252633134768,46
0.0003,3e-05,0.01,1000,1.0,20,1e-06,2.5,reg_fixed,adam,warm,False,fogas_full,npg,exact,0.001,50,1e-10,normal,100,20,42,cpu,ok,,323.5969575409981,0.26,-0.8089363640800288,-1.3903407003836317,4.133539583437932,0.01,-0.9192048343555957,-2.2455950788132015,5.5210575449717725,41.3231036524877,-2489.1675466090137,242.54455650638397,46.816423298766956,3370.500843742382,364.85033560354714,1008.010884950527,0.5556827667602617,66
0.0003,3e-05,0.01,1000,0.1,20,1e-06,2.5,reg_fixed,adam,warm,False,fogas_full,npg,exact,0.001,50,1e-10,normal,100,20,42,cpu,ok,,308.3146219069895,0.21,-0.8124120483194959,-0.8235793977756725,3.3860759860706677,0.01,-0.8769956474069184,-0.9772439267546634,3.6679004330071674,39.317514366163124,-558.770595848912,81.03892002982867,40.30875258953717,1539.49494791174,86.17136772243138,180.27097769228774,0.35265690963706015,38
0.0003,3e-05,0.01,1000,0.3,40,3e-06,1.5,reg_fixed,adam,warm,False,fogas_full,npg,exact,0.001,50,1e-10,normal,100,20,42,cpu,ok,,352.63161609499366,0.17,-0.8626593092580745,-1.9901163996954847,4.570630862401644,0.01,-0.9426233902454689,-2.8803314179968122,6.071752776279368,-1.3481069236875634,-221.12134299378846,25.825858998895566,-0.33967576280758394,876.7730648812936,39.00023153442702,64.32547484255599,0.06551543750620348,97
0.0003,3e-05,0.01,1000,0.1,20,1e-08,2.0,reg_fixed,adam,warm,False,fogas_full,npg,exact,0.001,50,1e-10,normal,100,20,42,cpu,ok,,335.96505004800565,0.17,-0.8484142188165378,-1.8441429105333498,4.836629485574009,0.01,-0.9459530665867513,-2.461858828890161,5.655690658838583,109.55638104966314,-1980.3651638478068,168.72875801044773,109.28340770957915,1963.4671006427216,177.6613229189854,218.96632686009937,0.6581037920340418,84
0.0003,3e-05,0.01,1000,0.3,40,3e-07,2.5,reg_fixed,adam,warm,False,fogas_full,npg,exact,0.001,50,1e-10,normal,100,20,42,cpu,ok,,388.9220601620036,0.12,-0.8738050884138292,-1.1968167007598645,3.9373513685569597,0.01,-0.8828506193747572,-1.2156909980636679,6.244400242569105,-147.06224641511852,2433.484679614451,-185.03654865493652,-145.81170327407332,3256.5981005605076,360.6238358173887,377.6730889643191,0.3714904525995043,119
0.0003,3e-05,0.01,1000,0.1,40,1e-07,2.5,reg_fixed,adam,warm,False,fogas_full,npg,exact,0.001,50,1e-10,normal,100,20,42,cpu,ok,,252.57513215500512,0.08,-0.8929517573552147,-1.8312457072641695,4.617679276000986,0.01,-0.8865182353378327,-1.3005587983835705,5.208570980516107,-71.85647067516331,2439.4796147269017,-288.341312813853,-71.57050995481346,2801.6177192047635,137.71871020255634,393.2096085191228,0.35874266496334783,8
0.0003,3e-05,0.01,1000,0.1,40,1e-07,1.5,reg_fixed,adam,warm,False,fogas_full,npg,exact,0.001,50,1e-10,normal,100,20,42,cpu,ok,,383.93930060499406,0.04,-0.8767020815747457,-1.0877525206260326,3.9885451597606707,0.01,-0.881301988366564,-1.1480904149921172,4.5424002604485665,42.85764452591049,354.90034206416385,71.38674485317493,42.914000371816925,2781.0058356558316,47.79553714670821,93.17673345089477,0.6125242377235608,118
0.0003,3e-05,0.01,1000,0.1,40,3e-06,1.5,reg_fixed,adam,warm,False,fogas_full,npg,exact,0.001,50,1e-10,normal,100,20,42,cpu,ok,,372.5247853680048,0.02,-0.9032461599783191,-1.9607075296432552,4.839794987673188,0.01,-0.9282495400867923,-2.3499992232716695,5.130783104498702,76.8052481675892,445.23604645156604,67.66690212889854,81.0884210918589,1731.5001524111258,79.14965797501702,127.56519869158289,0.2589684136826403,114
0.0003,3e-05,0.01,1000,1.0,20,3e-07,1.5,reg_fixed,adam,warm,False,fogas_full,npg,exact,0.001,50,1e-10,normal,100,20,42,cpu,ok,,322.1621858599974,0.01,-0.8859358223538439,-1.240388277871169,4.301230456397744,0.01,-0.8882259489458875,-1.3524207255528837,4.311867343070087,-718.0175749056084,1856.330156883953,-950.8991727228188,-710.8885560572704,7107.095561719408,45.16214727529511,927.1873757592002,1.2415778249325853,59
0.0003,3e-05,0.01,1000,1.0,20,3e-07,2.0,reg_fixed,adam,warm,False,fogas_full,npg,exact,0.001,50,1e-10,normal,100,20,42,cpu,ok,,266.9384088880033,0.01,-0.8933240236142737,-1.349924845020185,3.8529960506297276,0.01,-0.889741971562621,-1.3753167592126851,3.8606125165218694,-591.9853850537538,4144.523192398021,-883.8974926342398,-588.7030499628694,4791.431763866636,139.34336491531593,1071.5300500775547,1.7947285388835257,10
0.0003,3e-05,0.01,1000,0.3,40,1e-07,2.0,reg_fixed,adam,warm,False,fogas_full,npg,exact,0.001,50,1e-10,normal,100,20,42,cpu,ok,,319.21443406600156,0.01,-0.8847926470240094,-1.3242482185785023,4.322494325963504,0.01,-0.9009903929637687,-1.5850509741451846,4.558381448760279,297.77610143162804,-1643.1224524280371,499.49402663557,298.4153810607058,4093.000491732234,282.68080469937206,328.061618700059,0.931113684435919,53
0.0003,3e-05,0.01,1000,0.3,40,1e-08,2.0,reg_fixed,adam,warm,False,fogas_full,npg,exact,0.001,50,1e-10,normal,100,20,42,cpu,ok,,321.7602803270129,0.19,-0.8422522941858938,-1.295819799627064,4.170447369968356,0.0,-0.8855443974221298,-1.3201001034582243,4.86931076892615,608.8567060576198,-554.2542077497797,705.8276760229568,608.5801052292677,3436.551750724467,435.49765208478215,455.93715978010584,0.9680890187870569,57
0.0003,3e-05,0.01,1000,0.1,40,1e-06,2.5,reg_fixed,adam,warm,False,fogas_full,npg,exact,0.001,50,1e-10,normal,100,20,42,cpu,ok,,311.6629488530016,0.11,-0.8682432276965639,-2.194161654782783,4.473524759767769,0.0,-0.8793611589270088,-1.031188374187207,4.165237745541717,60.174642100232184,393.9904479244209,-20.27850127281186,63.24773149736453,2485.574635694742,54.8020116981218,200.16174979200494,0.15975797128242877,43
0.0003,3e-05,0.01,1000,0.3,40,3e-06,2.5,reg_fixed,adam,warm,False,fogas_full,npg,exact,0.001,50,1e-10,normal,100,20,42,cpu,ok,,343.69011102399963,0.09,-0.8666979548302609,-1.3773552890852327,3.9783969962496757,0.0,-0.9225838979315903,-2.11807122240896,3.981396744881165,-4.991012219706228,1481.9174545323776,-42.34241114719442,4.1502993153597245,2494.1509950569953,130.0693149839802,286.5307656129986,0.19876352082741694,90
0.0003,3e-05,0.01,1000,0.3,40,3e-06,2.0,reg_fixed,adam,warm,False,fogas_full,npg,exact,0.001,50,1e-10,normal,100,20,42,cpu,ok,,323.1752905280009,0.08,-0.8847750479619809,-1.6785821000841668,4.602989706275826,0.0,-0.8935540963465469,-1.2892642580108866,4.346734077543632,-48.84783348098155,-486.91228492143796,-4.462003174711068,-43.8029885001731,1861.918518953773,338.06516055568056,433.1985696356184,0.14338145743438915,62
0.0003,3e-05,0.01,1000,0.1,40,3e-07,1.5,reg_fixed,adam,warm,False,fogas_full,npg,exact,0.001,50,1e-10,normal,100,20,42,cpu,ok,,306.3831522010005,0.04,-0.900099069409866,-1.90655077293995,5.917886996069448,0.0,-0.884715143575969,-1.2618395757380247,5.871521945134095,-20.02997813093745,652.0562280567859,8.752048786537811,-19.389170274405444,2630.1340193173714,46.786217481344714,123.94706078679779,0.9365813004224564,36
0.0003,3e-05,0.01,1000,0.1,40,3e-07,2.0,reg_fixed,adam,warm,False,fogas_full,npg,exact,0.001,50,1e-10,normal,100,20,42,cpu,ok,,330.63063706899993,0.03,-0.9007828828355581,-1.4693704184573992,4.425647355391835,0.0,-0.8786170556539311,-0.9994334240861732,4.015926599131196,97.18477990250966,1685.390826848992,-40.354375356398855,97.98701357306143,2739.4838517297094,161.89559181107057,214.38773664545198,0.5505559076384177,73
0.0003,3e-05,0.01,1000,1.0,20,3e-06,2.0,reg_fixed,adam,warm,False,fogas_full,npg,exact,0.001,50,1e-10,normal,100,20,42,cpu,ok,,301.7671669659903,0.03,-0.883139322222906,-1.3868205411650694,4.323435187494736,0.0,-0.8823969407371106,-1.217322467769998,4.913456698717683,-17.849445246492067,523.8693409275115,-87.85106919069489,-12.272598178772146,1954.809574642651,220.66027399723214,365.2741804278364,0.20253869184033868,28
0.0003,3e-05,0.01,1000,1.0,20,3e-08,1.5,reg_fixed,adam,warm,False,fogas_full,npg,exact,0.001,50,1e-10,normal,100,20,42,cpu,ok,,280.56831437299843,0.03,-0.8882141103786242,-1.3890440906302084,3.6896110414918324,0.0,-0.8903241950423803,-1.2911524428990264,3.9538404201316455,41.86017165879568,2854.791080396529,-255.09415798651483,42.63374499126564,8008.702297074458,271.1127305353848,888.4762346396226,0.3308612649819403,20
0.0003,3e-05,0.01,1000,0.1,40,1e-07,2.0,reg_fixed,adam,warm,False,fogas_full,npg,exact,0.001,50,1e-10,normal,100,20,42,cpu,ok,,334.1505410029931,0.01,-0.8758115555737587,-1.046666570354247,3.893112710685038,0.0,-0.8784983927270794,-1.0021519684223077,4.082576764645033,-36.20951738242411,943.6398210831965,-105.12904247905556,-36.30202740718486,2577.459483025966,130.13754315654128,350.00134450619186,0.7332325194572991,80
0.0003,3e-05,0.01,1000,1.0,20,3e-08,2.5,reg_fixed,adam,warm,False,fogas_full,npg,exact,0.001,50,1e-10,normal,100,20,42,cpu,ok,,211.8171680749947,0.01,-0.8789377181298693,-0.95191502907828,3.511621702416737,0.0,-0.8790728033016366,-1.0090218072466575,3.7866627359693394,1600.538319822278,-3571.9070127472282,1824.830246209566,1600.3961773053152,4472.867400621673,283.667356761993,1483.3403551576544,2.9554121247321508,2
0.0003,3e-05,0.01,1000,0.3,20,3e-07,2.5,reg_fixed,adam,warm,False,fogas_full,npg,exact,0.001,50,1e-10,normal,100,20,42,cpu,ok,,301.5998849339958,0.01,-0.8788666470181039,-1.070738659659312,3.50731719253063,0.0,-0.880048605814797,-1.0535358899166312,3.402030710030605,-26.941088920914297,-2417.94526744672,225.78168103090655,-25.051785111462355,3610.920238407137,27.834944973280248,508.731734827077,0.20145663236903158,27
0.0003,3e-05,0.01,1000,0.1,40,1e-06,2.0,reg_fixed,adam,warm,False,fogas_full,npg,exact,0.001,50,1e-10,normal,100,20,42,cpu,ok,,339.374671580008,0.01,-0.8777281112008651,-1.1225598632156506,3.989067201822678,0.0,-0.880343076080538,-1.031969629377045,3.8155097325811402,168.45947992014234,1866.6573120351045,41.57297463882427,172.12750867176726,2802.1562331110654,201.2290840150051,164.54531452908455,0.307704655157501,87
0.0003,3e-05,0.01,1000,1.0,20,1e-07,2.0,reg_fixed,adam,warm,False,fogas_full,npg,exact,0.001,50,1e-10,normal,100,20,42,cpu,ok,,323.5845491279906,0.01,-0.8802831733606346,-1.1637718289526182,3.893114479530655,0.0,-0.8805652270819411,-1.138297169275048,3.828477037234136,-354.52198055031863,-252.67170158606197,-432.36078961444673,-352.4121118826476,6737.111506999722,78.61013566708053,701.9074442105532,0.3292393208127245,65
0.0003,3e-05,0.01,1000,0.1,40,1e-06,1.5,reg_fixed,adam,warm,False,fogas_full,npg,exact,0.001,50,1e-10,normal,100,20,42,cpu,ok,,354.05633403400134,0.01,-0.9074102972994976,-1.8085391444380452,5.100099077407977,0.0,-0.8817976033260763,-1.1268393625560233,4.816686550698108,-36.12473994903889,559.4449812928021,-28.299825232044,-34.49250802574403,2001.159457936511,149.852889364272,228.720883256221,0.6301286432663934,100
0.0003,3e-05,0.01,1000,0.1,20,1e-08,1.5,reg_fixed,adam,warm,False,fogas_full,npg,exact,0.001,50,1e-10,normal,100,20,42,cpu,ok,,118.53877616499813,0.01,-0.942450482174776,-2.563977242637448,5.509233226988966,0.0,-0.9167512947428051,-2.283925770550227,5.652921459033201,88.84755116945566,-936.55429703456,183.5430115436436,88.46569576403238,2015.6650387253983,72.95224283253259,122.08577436076962,0.4881562136446933,1
0.0003,3e-05,0.01,1000,0.3,20,1e-08,2.0,reg_fixed,adam,warm,False,fogas_full,npg,exact,0.001,50,1e-10,normal,100,20,42,cpu,ok,,302.82072263200826,0.0,-0.8754712210966514,-1.0233846360467789,4.184282644612539,0.0,-0.8765879196047703,-1.0313139653151677,4.252427088226209,83.26881514001252,297.1835771766815,129.23666725608956,83.19847824975444,3322.3387882410107,73.28734523759891,339.2076476005676,0.39966465426373665,30
0.0003,3e-05,0.01,1000,0.3,40,3e-07,2.0,reg_fixed,adam,warm,False,fogas_full,npg,exact,0.001,50,1e-10,normal,100,20,42,cpu,ok,,310.57759143399016,0.0,-0.8820455266355738,-1.0540231041109402,4.125792316338418,0.0,-0.8767237552497139,-1.0345712444688258,4.223422079044245,-308.1120956766177,-3113.621483832482,34.05749427288087,-303.920808678857,5417.127647710485,445.17071875051687,372.96761532231756,0.3982537088177115,40
0.0003,3e-05,0.01,1000,0.3,20,1e-06,1.5,reg_fixed,adam,warm,False,fogas_full,npg,exact,0.001,50,1e-10,normal,100,20,42,cpu,ok,,367.6550256890041,0.0,-0.8950775148798717,-1.387623342568469,4.506748822375437,0.0,-0.8773169790845242,-1.0846136425659338,4.637030373902091,8.129603967811526,1491.7073797156881,-46.74874907102281,11.645829129447275,2735.8274417893567,88.3544150802439,310.7884870948403,0.6644802393194122,110
0.0003,3e-05,0.01,1000,0.1,40,1e-08,2.0,reg_fixed,adam,warm,False,fogas_full,npg,exact,0.001,50,1e-10,normal,100,20,42,cpu,ok,,345.19705448299646,0.0,-0.8800338097987056,-1.098375648583696,4.190777714247513,0.0,-0.8779842474619968,-1.0220741257070267,4.135175266936135,160.81707230787325,1673.9089929693632,7.435284295825529,160.56434685537977,3154.336195185365,169.02939529568948,508.92563357298013,0.34719328044649345,92
0.0003,3e-05,0.01,1000,1.0,20,1e-07,1.5,reg_fixed,adam,warm,False,fogas_full,npg,exact,0.001,50,1e-10,normal,100,20,42,cpu,ok,,238.34389443100372,0.0,-0.8784233454094311,-1.0149046295662925,3.9175962507116586,0.0,-0.8784233454094311,-1.0099319924578878,3.758942350341597,58.48681905435933,3461.4626036508703,-173.08013306992748,61.11432619668774,7519.408877698089,66.35794459494167,663.7076347962404,0.6671155231396221,5
0.0003,3e-05,0.01,1000,0.3,40,1e-06,2.5,reg_fixed,adam,warm,False,fogas_full,npg,exact,0.001,50,1e-10,normal,100,20,42,cpu,ok,,304.41774002599414,0.0,-0.8784233454094311,-1.011855316579295,4.385766322598971,0.0,-0.8784233454094311,-1.0031815163069253,4.243206619092165,208.65148577996655,-6951.042527558624,655.2124034668952,218.77420340740926,4574.893684867121,757.0489379654139,1006.7111570319814,0.6991565996241639,31
0.0003,3e-05,0.01,1000,1.0,20,1e-06,2.0,reg_fixed,adam,warm,False,fogas_full,npg,exact,0.001,50,1e-10,normal,100,20,42,cpu,ok,,322.3695163149969,0.0,-0.8784233454094311,-1.0016238465545988,3.8563782709738543,0.0,-0.8784233454094311,-1.0008652050441071,3.773591883063513,-305.83110669918756,1566.3266258349636,-340.1203810259338,-289.77387702442473,5691.2590827929735,202.79595553084496,778.8082434588247,0.6155941315726309,60
0.0003,3e-05,0.01,1000,0.3,40,1e-08,1.5,reg_fixed,adam,warm,False,fogas_full,npg,exact,0.001,50,1e-10,normal,100,20,42,cpu,ok,,346.62676853500307,0.0,-0.8784233454094311,-1.002964430612772,3.7884718307714236,0.0,-0.8784233454094311,-1.0023707650911846,3.790429802111978,66.13142271294832,640.4300438414134,-9.578726140907508,66.24919256036645,5217.926260075089,45.60305912090281,908.6895913652835,0.6863986334583483,94
0.0003,3e-05,0.01,1000,0.3,40,3e-08,2.5,reg_fixed,adam,warm,False,fogas_full,npg,exact,0.001,50,1e-10,normal,100,20,42,cpu,ok,,305.918291887996,0.0,-0.8787101095487568,-1.0003056147498888,3.1371538873051,0.0,-0.8784233454094311,-1.0000036265480639,2.896338496011638,49.83608332681651,1853.8624493947955,-81.90744240363738,49.51668543818,3999.249550043601,370.9001666928998,459.44263010459133,1.5061998897005346,33
0.0003,3e-05,0.01,1000,0.1,40,3e-08,2.0,reg_fixed,adam,warm,False,fogas_full,npg,exact,0.001,50,1e-10,normal,100,20,42,cpu,ok,,342.2473556820041,0.0,-0.8811244860206088,-1.0515188010707144,4.073772935395045,0.0,-0.8784233454094311,-1.00672500255977,4.112546368020583,-5.098975149982735,1731.1408282753764,-101.20767899477782,-5.395129272710636,2971.553190337072,159.79859992962895,209.91879965321536,0.6612641225134105,89
0.0003,3e-05,0.01,1000,0.3,40,1e-06,2.0,reg_fixed,adam,warm,False,fogas_full,npg,exact,0.001,50,1e-10,normal,100,20,42,cpu,ok,,271.67206440799055,0.0,-0.8831485376314273,-1.167848626159024,4.0205944671997305,0.0,-0.8784233454094311,-1.0180881810909106,4.125214829335796,-22.755370659851394,5303.120175051885,-318.969959359801,-15.699819627986937,3787.6451162879466,352.9633833999694,966.4087990546661,0.9523948106574992,14
0.0003,3e-05,0.01,1000,1.0,20,1e-08,2.5,reg_fixed,adam,warm,False,fogas_full,npg,exact,0.001,50,1e-10,normal,100,20,42,cpu,ok,,233.44679587999417,0.0,-0.8787097066633734,-1.0000473502499538,3.3025533197349386,0.0,-0.8786170556539308,-1.0040654687553614,3.3260129963966967,-440.03202601276837,646.0389679359874,-568.9383913124003,-440.35735824154847,5602.5454543098485,557.2858450125726,1601.8466381064375,1.8143451504440589,4
0.0003,3e-05,0.01,1000,1.0,40,1e-08,2.5,reg_fixed,adam,warm,False,fogas_full,npg,exact,0.001,50,1e-10,normal,100,20,42,cpu,ok,,182.24034289900737,0.0,-0.8788895918018059,-1.011665055032715,3.675076509566048,0.0,-0.8787023795450182,-1.0038238690767407,3.3771945181767467,-474.68213152775854,3188.0244125836125,-735.6701911928428,-474.79890366760276,7257.394078236237,569.9085142069002,1838.0158137943906,1.4386919391132893,130
0.0003,3e-05,0.01,1000,0.3,40,1e-07,2.5,reg_fixed,adam,warm,False,fogas_full,npg,exact,0.001,50,1e-10,normal,100,20,42,cpu,ok,,275.9891353619896,0.0,-0.8808356308443132,-1.0271832336966091,3.74965382057528,0.0,-0.8787023795450182,-1.0027308122372545,3.740967167301367,-113.92795746834719,1228.8047261466158,-171.4131059674546,-113.49334925620676,3799.2840409427567,677.4394289930528,864.1231427164903,0.8100492148041951,17
0.0003,3e-05,0.01,1000,0.3,20,1e-08,2.5,reg_fixed,adam,warm,False,fogas_full,npg,exact,0.001,50,1e-10,normal,100,20,42,cpu,ok,,324.4291406840057,0.0,-0.8820839990012024,-1.093226682996635,4.357802748847601,0.0,-0.878807612526588,-1.0247995504360397,4.411526654811615,107.20997196570585,-4355.481828871734,377.8934587523327,107.0464704763546,3589.5204874573437,159.88212111180988,392.63450709198094,0.3303697677033727,67
0.0003,3e-05,0.01,1000,0.3,40,1e-08,2.5,reg_fixed,adam,warm,False,fogas_full,npg,exact,0.001,50,1e-10,normal,100,20,42,cpu,ok,,309.4775450110028,0.0,-0.8885100822580364,-1.332042652474458,4.923894897235508,0.0,-0.878807612526588,-1.0084980483734436,4.475927665024853,150.08580124999884,2773.377556453501,-62.563868696365475,149.85771921775608,4701.386879661629,116.68131790658937,392.74657343741427,0.20237135033381917,39
0.0003,3e-05,0.01,1000,0.1,20,1e-06,1.5,reg_fixed,adam,warm,False,fogas_full,npg,exact,0.001,50,1e-10,normal,100,20,42,cpu,ok,,367.7308260699938,0.0,-0.8834334056919058,-1.0978693294467659,4.112275134853357,0.0,-0.8789098682747509,-1.0173369093633502,4.115333492383997,108.35895394352124,-901.6682962358002,205.3409899153358,109.85916433211543,1959.2715280399125,33.92414389398011,94.40462200402187,0.25294224509214003,111
0.0003,3e-05,0.01,1000,0.3,20,3e-07,1.5,reg_fixed,adam,warm,False,fogas_full,npg,exact,0.001,50,1e-10,normal,100,20,42,cpu,ok,,334.59609694199753,0.0,-0.8793101989272881,-1.0412871113288955,4.165954285656953,0.0,-0.8790002183895234,-1.0270353111430384,4.136930085286453,-295.59951514003467,773.3686931327279,-280.7362143715094,-294.37293457123167,3172.439235322056,175.5891312190232,1041.1258941017038,0.9377574105246979,82
0.0003,3e-05,0.01,1000,0.3,40,1e-07,1.5,reg_fixed,adam,warm,False,fogas_full,npg,exact,0.001,50,1e-10,normal,100,20,42,cpu,ok,,275.2972854779946,0.0,-0.8792883981461785,-1.0072265430112923,4.287184352172413,0.0,-0.8792883981461785,-1.0030808843969639,4.24588081111661,-87.75320295833004,150.35245949784388,-229.06917686030016,-86.63711929140278,5027.735051910215,16.389642436818374,819.5556362125948,1.3934964484781065,16
0.0003,3e-05,0.01,1000,0.1,40,1e-08,1.5,reg_fixed,adam,warm,False,fogas_full,npg,exact,0.001,50,1e-10,normal,100,20,42,cpu,ok,,362.9573572310037,0.0,-0.880318226319026,-1.0337835597966887,4.124114098948569,0.0,-0.8793138638014767,-1.0121610987357132,4.111209569159193,71.41178387044187,346.58395302316916,125.2962961774537,71.00633710752342,2818.808942361065,53.614367214222355,209.06710176190393,0.6600312717419179,108
0.0003,3e-05,0.01,1000,1.0,20,1e-07,2.5,reg_fixed,adam,warm,False,fogas_full,npg,exact,0.001,50,1e-10,normal,100,20,42,cpu,ok,,275.83955128100934,0.0,-0.8796624341716501,-1.058386653778979,5.246029721521685,0.0,-0.8796624341716501,-1.0572704039997378,5.425367890025949,-237.9302010058506,-188.28761692513854,-485.088908368944,-236.51621507394034,5805.544978126208,162.83382288590292,1159.1376068967695,0.9687134869280727,18
0.0003,3e-05,0.01,1000,0.1,20,3e-06,1.5,reg_fixed,adam,warm,False,fogas_full,npg,exact,0.001,50,1e-10,normal,100,20,42,cpu,ok,,374.8256145030027,0.0,-0.8920047308365249,-1.2934721035882788,4.340586487206419,0.0,-0.8799270511706296,-1.059543982184559,4.147845533354988,-17.204810232339113,-520.9366225586701,46.52243589185066,-14.213066906323021,1496.472390544068,97.16980297081363,172.04550302329866,0.40204019058935986,116
0.0003,3e-05,0.01,1000,0.1,40,3e-08,1.5,reg_fixed,adam,warm,False,fogas_full,npg,exact,0.001,50,1e-10,normal,100,20,42,cpu,ok,,336.986454287995,0.0,-0.8832575579601786,-1.144042532000763,3.9562996031185174,0.0,-0.8803674299115788,-1.0755943682059945,3.8649492842119195,201.93888335151445,331.8399587097241,233.08168960591374,201.561870829444,2439.3330550856663,100.2207693173083,174.39496774962595,1.1126239890503484,85
0.0003,3e-05,0.01,1000,1.0,20,1e-08,1.5,reg_fixed,adam,warm,False,fogas_full,npg,exact,0.001,50,1e-10,normal,100,20,42,cpu,ok,,323.4479997760063,0.0,-0.8805418677928648,-1.0223962791055037,3.33977649035608,0.0,-0.8805025311482385,-1.0172028469558225,3.336326804226103,-228.75936587942692,-2003.0097546508655,-222.55510953372607,-228.8180559995956,6952.596798961602,102.82664861898314,916.9241296226302,0.6172625205522541,64
0.0003,3e-05,0.01,1000,0.3,20,3e-08,1.5,reg_fixed,adam,warm,False,fogas_full,npg,exact,0.001,50,1e-10,normal,100,20,42,cpu,ok,,329.76800706800714,0.0,-0.8872439030424243,-1.1435239592688027,4.260206879540477,0.0,-0.8806843608380612,-1.0719728277314053,4.187032657619213,-78.88899027316049,340.7245522051354,-96.149022353447,-79.03714420748314,2790.6887248370017,118.81782687638386,220.38599639591936,0.45516784767603974,71
0.0003,3e-05,0.01,1000,1.0,40,1e-08,1.5,reg_fixed,adam,warm,False,fogas_full,npg,exact,0.001,50,1e-10,normal,100,20,42,cpu,ok,,214.8492238100007,0.0,-0.8875184853172935,-1.1157535730218742,4.203671652782333,0.0,-0.8818688123472623,-1.0594418268602235,4.1587350849566285,216.4484009580561,189.63064286331985,-20.066574671799287,217.2221334036845,12053.0208121106,83.95178191251901,2409.7382413341543,0.8919177005545696,133
0.0003,3e-05,0.01,1000,0.3,20,1e-07,1.5,reg_fixed,adam,warm,False,fogas_full,npg,exact,0.001,50,1e-10,normal,100,20,42,cpu,ok,,318.6540522599971,0.0,-0.9171520139214684,-1.8514480200424106,4.675511000483741,0.0,-0.8822920648125127,-1.217816663509667,3.929826279556927,1160.9859481359597,3424.133579226852,929.3095353037666,1161.3060571418093,3478.3413232718144,160.26248583251842,1056.6026074076694,0.9995216187033632,50
0.0003,3e-05,0.01,1000,1.0,20,1e-08,2.0,reg_fixed,adam,warm,False,fogas_full,npg,exact,0.001,50,1e-10,normal,100,20,42,cpu,ok,,311.5460763799929,0.0,-0.8922812836898857,-1.4593699085314824,4.566263166249001,0.0,-0.8859330509864125,-1.157888092252775,4.3434776037526674,-262.8869234232628,5464.603427951098,-712.6667739309781,-262.90082147191146,6654.927938788024,184.079584494314,692.7744075832791,0.2953710132792387,44
0.0003,3e-05,0.01,1000,0.3,40,3e-07,1.5,reg_fixed,adam,warm,False,fogas_full,npg,exact,0.001,50,1e-10,normal,100,20,42,cpu,ok,,324.6285419110063,0.0,-0.883035907876786,-1.1462753599981517,3.817537869728725,0.0,-0.8888107406289528,-1.1916863993811315,3.839268453201101,-182.564677905724,189.51727274096893,-221.21870812937343,-179.3485516210438,4737.417852643863,20.557374954633147,340.82230401666334,0.8761616710455279,68
0.0003,3e-05,0.01,1000,0.3,20,1e-07,2.5,reg_fixed,adam,warm,False,fogas_full,npg,exact,0.001,50,1e-10,normal,100,20,42,cpu,ok,,242.21937706999597,0.0,-0.8857751969363881,-1.19629236310521,4.1952047965729635,0.0,-0.8895064026553448,-1.2775584403056857,4.383924292683547,169.48442074889357,634.4918607813091,62.54381641244903,169.9303167666261,2926.6049065052007,32.319486174976426,419.09400630830635,0.21185262174893402,6
0.0003,3e-05,0.01,1000,0.3,20,1e-06,2.0,reg_fixed,adam,warm,False,fogas_full,npg,exact,0.001,50,1e-10,normal,100,20,42,cpu,ok,,321.5560426890006,0.0,-0.9277345639783229,-1.9768946667938883,4.887697855849898,0.0,-0.8971838986885898,-1.5542831736447293,4.8788217341994615,-9.85791541100349,-3263.7561850167085,303.8071565186776,-3.7801686488447164,3556.0831336349725,153.93008266405747,461.19968642666646,0.3194338312686241,56
0.0003,3e-05,0.01,1000,1.0,20,1e-06,1.5,reg_fixed,adam,warm,False,fogas_full,npg,exact,0.001,50,1e-10,normal,100,20,42,cpu,ok,,289.44998420300544,0.0,-0.8994962598443439,-1.3892954743565404,4.017885258699018,0.0,-0.9004868844373042,-1.4172113996101385,4.0797894637771455,-67.02213588944741,-1608.136440259128,147.62666839757807,-49.11394260337185,6069.931016452268,51.88054955663258,1926.7548199319044,1.0535758033190157,22
0.0003,3e-05,0.01,1000,0.3,40,3e-08,1.5,reg_fixed,adam,warm,False,fogas_full,npg,exact,0.001,50,1e-10,normal,100,20,42,cpu,ok,,354.6007040019904,0.0,-0.9048107749708452,-1.759413363333103,2.516294366379706,0.0,-0.9054493828906359,-1.8838759328204477,2.444776620056318,-78.39148741025781,-2558.5297186735843,82.66839905468501,-78.0209101268147,6552.783722585251,209.01384378992856,478.42192563415375,0.7040458848099759,101
0.0003,3e-05,0.01,1000,0.1,20,1e-07,1.5,reg_fixed,adam,warm,False,fogas_full,npg,exact,0.001,50,1e-10,normal,100,20,42,cpu,ok,,357.2083853340009,0.0,-0.9810024908332114,-3.8595759848502453,6.778350426405618,0.0,-0.9176855985935805,-2.2557791577198443,7.001481664659414,74.89303495941505,-1230.9910072287907,159.71110532826603,74.6466215941308,1892.8458936715824,67.32198444483555,123.7268866794074,0.4354238290711596,103
0.0003,3e-05,0.01,1000,0.3,40,1e-06,1.5,reg_fixed,adam,warm,False,fogas_full,npg,exact,0.001,50,1e-10,normal,100,20,42,cpu,ok,,364.5179989379976,0.0,-0.9165212051614867,-1.891485561249378,4.8247813473322045,0.0,-0.9187137609857929,-1.9844739642414941,4.732870830838019,-333.81496886698915,2760.664516862036,-558.4417193827969,-318.7409897686908,5529.474727692917,426.54353225790265,699.5948796705721,0.8605332089114752,109
0.0003,3e-05,0.01,1000,0.3,20,1e-07,2.0,reg_fixed,adam,warm,False,fogas_full,npg,exact,0.001,50,1e-10,normal,100,20,42,cpu,ok,,357.882824100001,0.0,-0.9353469432777449,-2.3516107970261677,5.314516142506706,0.0,-0.9408843729063346,-2.43954888414105,5.165259967855961,-188.66195970687696,-2772.5817358940935,140.6406194948087,-188.1487386539025,3759.3751383218687,89.76865633361467,301.6748857073337,0.22311874260925235,104
0.0003,3e-05,0.01,1000,0.1,20,3e-08,1.5,reg_fixed,adam,warm,False,fogas_full,npg,exact,0.001,50,1e-10,normal,100,20,42,cpu,ok,,432.9808808660018,0.0,-0.9429783629513053,-2.4121687220325203,5.5913882199376275,0.0,-0.9420206967306514,-2.632326976137329,6.1879976590709,94.70273066181775,-997.2117879313432,206.36871612951526,94.34857089398596,1828.4564404679184,62.113279745437275,175.90422269798765,0.45303605273485276,128
0.0003,3e-05,0.01,1000,0.1,20,3e-07,1.5,reg_fixed,adam,warm,False,fogas_full,npg,exact,0.001,50,1e-10,normal,100,20,42,cpu,ok,,353.61724044599396,0.0,-0.9461034242923878,-3.0873380982672183,5.777017858244161,0.0,-0.9427344800090658,-2.4802493992865777,5.196867076826733,138.45050661858,-1034.6966345410915,217.82026345122392,138.52724413279302,1887.0739864984423,29.48113514985528,168.06124416035067,0.4444861101198418,99
0.0003,3e-05,0.01,1000,0.3,20,3e-07,2.0,reg_fixed,adam,warm,False,fogas_full,npg,exact,0.001,50,1e-10,normal,100,20,42,cpu,ok,,331.02734101000533,0.0,-0.9170534543702418,-2.022810237980199,5.029503459478824,0.0,-0.9437156113180256,-2.1932998521524185,5.035391518554244,-56.68668519488824,-3604.062524912594,300.171102875681,-54.42394597599196,4006.694158259477,24.331617223125928,449.98951264283016,0.28802787590817575,75
