Dataset Size,Epsilon,Proportions,Init Mode,Coverage Ratio,Log Coverage,Task Success,On-Data Quality,Optimal States Quality,Final Reward
8000,0.3,100% Eps-Greedy,Fixed,65.20008134625175,1.814248137575574,-1.5213680977153583,1.687253812860779,0.40083636362928127,0.1521368097715358
12000,0.3,100% Eps-Greedy,Fixed,65.16403958587858,1.8140079988328732,-1.3189405077615453,1.726261816559443,0.4159583417556111,0.1318940507761545
16000,0.3,100% Eps-Greedy,Fixed,65.15804314738492,1.8139680329253909,-1.4473109421231893,1.6580814484862116,0.400278785561868,0.1447310942123189
20000,0.3,100% Eps-Greedy,Fixed,65.16405518322384,1.8140081027834603,-1.2887332938349412,1.723532301899358,0.4229542091933206,0.12887332938349408
24000,0.3,100% Eps-Greedy,Fixed,65.16390868565473,1.8140071264298983,-1.4803472278160679,1.784200113991623,0.4335487513480697,0.14803472278160676
8000,0.4,100% Eps-Greedy,Fixed,65.28910508807122,1.8148407158096085,-1.291898797180354,1.5329480760355254,0.3655140637854723,0.12918987971803536
12000,0.4,100% Eps-Greedy,Fixed,65.26770252975263,1.814698325485745,-1.8153396010071847,1.5921922899148822,0.3836239909693548,0.18153396010071843
16000,0.4,100% Eps-Greedy,Fixed,65.27780139440709,1.8147655186263714,-1.429474418980877,1.5457035888371533,0.37200349791834325,0.14294744189808767
20000,0.4,100% Eps-Greedy,Fixed,65.30308118136155,1.8149336729824856,-1.2796029076339168,1.515353030517721,0.3744393301518206,0.12796029076339166
24000,0.4,100% Eps-Greedy,Fixed,65.26118166176549,1.8146549331438286,-1.6353717620144896,1.538825332741438,0.3708142918904459,0.16353717620144892
8000,0.5,100% Eps-Greedy,Fixed,65.42693710380985,1.8157565897153045,-1.1751759310349694,1.2862887412330475,0.2969266580390067,0.11751759310349692
12000,0.5,100% Eps-Greedy,Fixed,65.42261819814524,1.81572792050211,-1.60027175149616,1.330641852600543,0.28981972469752776,0.16002717514961595
16000,0.5,100% Eps-Greedy,Fixed,65.41192539079188,1.8156569327168879,-1.5800703128764186,1.330377235772193,0.2857514084752827,0.15800703128764182
20000,0.5,100% Eps-Greedy,Fixed,65.38012366917926,1.8154457377309108,-1.60259900197611,1.336453645881767,0.29168276064045634,0.16025990019761097
24000,0.5,100% Eps-Greedy,Fixed,65.39513133843074,1.8155454163432045,-1.692097276186941,1.3788999054244597,0.2805933157037062,0.16920972761869407
8000,0.6,100% Eps-Greedy,Fixed,65.5956768205036,1.8168752175026575,-1.3572778593564094,1.3332547014033944,0.26609706176983544,0.13572778593564092
12000,0.6,100% Eps-Greedy,Fixed,65.59848202958787,1.8168937897750321,-1.6249362965447036,1.4126025294813664,0.26491747359425866,0.16249362965447034
16000,0.6,100% Eps-Greedy,Fixed,65.57794418522803,1.8167577977708904,-1.2823147200274194,1.2604269276993423,0.26381455315215674,0.1282314720027419
20000,0.6,100% Eps-Greedy,Fixed,65.60430798251055,1.8169323587598467,-1.6816771187147284,1.3939006864272645,0.2732191229197645,0.1681677118714728
24000,0.6,100% Eps-Greedy,Fixed,65.61166819728916,1.8169810799714003,-1.399578928837062,1.3195525331244198,0.2723981016384694,0.13995789288370616
8000,0.7,100% Eps-Greedy,Fixed,67.0418774080924,1.8263461675637236,-1.268656144473341,2.0666079693676056,0.7806109087292854,0.12686561444733407
12000,0.7,100% Eps-Greedy,Fixed,66.51889364281183,1.8229450173241266,-1.9327633047331798,1.7694090187547646,0.3524936675233982,0.19327633047331794
16000,0.7,100% Eps-Greedy,Fixed,66.59786219589874,1.8234602884582005,-1.9810583764128815,1.8479157661495529,0.3813035898678862,0.1981058376412881
20000,0.7,100% Eps-Greedy,Fixed,66.67366999518629,1.8239543611521263,-1.7426434845267122,1.6465296417178812,0.3422583455426811,0.1742643484526712
24000,0.7,100% Eps-Greedy,Fixed,66.36051183990888,1.8219097270869642,-1.5625501629758576,1.5480394354089106,0.335819022767125,0.15625501629758573
8000,0.3,90% Eps-Greedy / 10% Random,Fixed,65.24561246957377,1.8145513122659482,-1.3184624522651973,1.3740293695457997,0.26706020353721094,0.1318462452265197
12000,0.3,90% Eps-Greedy / 10% Random,Fixed,65.28657885530018,1.8148239113186118,-1.5537279950062552,1.5025743888355687,0.2734319656527716,0.1553727995006255
16000,0.3,90% Eps-Greedy / 10% Random,Fixed,65.29724811605544,1.8148948787759114,-1.3642877114843952,1.3979704137593745,0.2667008391362944,0.1364287711484395
20000,0.3,90% Eps-Greedy / 10% Random,Fixed,65.294097331716,1.8148739222837662,-1.44573766894083,1.4059303324600712,0.252368460754222,0.14457376689408297
24000,0.3,90% Eps-Greedy / 10% Random,Fixed,65.28380719463314,1.8148054734940788,-1.3678441357490458,1.3717877817828674,0.26897679566203386,0.13678441357490456
8000,0.4,90% Eps-Greedy / 10% Random,Fixed,65.34307111917946,1.8151995424254435,-1.441853721565483,1.3572068914757511,0.24082721635831414,0.14418537215654825
12000,0.4,90% Eps-Greedy / 10% Random,Fixed,65.39038563588396,1.8155138985960197,-1.4593908324755223,2.178596391404595,0.4934337092089374,0.1459390832475522
16000,0.4,90% Eps-Greedy / 10% Random,Fixed,65.35966376108415,1.8153098093278877,-1.3208266659353591,1.3155038580797331,0.2516799464751082,0.13208266659353587
20000,0.4,90% Eps-Greedy / 10% Random,Fixed,65.35676855892495,1.8152905711908054,-1.3449071709626401,1.2835467389436817,0.2397699448544291,0.13449071709626398
24000,0.4,90% Eps-Greedy / 10% Random,Fixed,65.35829751392059,1.8153007309487839,-1.273770635187757,1.2964694834419415,0.2573289112499227,0.12737706351877567
8000,0.5,90% Eps-Greedy / 10% Random,Fixed,65.4866531768837,1.8161527955295371,-1.432528237465776,1.357362032462358,0.2541504429735344,0.14325282374657755
12000,0.5,90% Eps-Greedy / 10% Random,Fixed,65.5067173560949,1.8162858368025119,-1.2323245295540788,1.2074437687033441,0.24079752252976047,0.12323245295540786
16000,0.5,90% Eps-Greedy / 10% Random,Fixed,65.51926282488787,1.816369002414077,-1.297849744538495,1.227114599360945,0.24320239726436704,0.12978497445384948
20000,0.5,90% Eps-Greedy / 10% Random,Fixed,65.52582429387623,1.816412492938443,-1.441668651858484,1.3421223018222386,0.23073187283975388,0.14416686518584837
24000,0.5,90% Eps-Greedy / 10% Random,Fixed,65.49926597246034,1.8162364330315344,-1.4595918564453254,1.377326136876088,0.23650400487841408,0.1459591856445325
8000,0.6,90% Eps-Greedy / 10% Random,Fixed,65.73791798235821,1.8178159452112015,-1.407700413834483,1.357460005092577,0.2670962653394261,0.14077004138344829
12000,0.6,90% Eps-Greedy / 10% Random,Fixed,65.69434748713805,1.817528003338276,-1.8222380750366474,1.6599521458399282,0.27735842054199045,0.1822238075036647
16000,0.6,90% Eps-Greedy / 10% Random,Fixed,65.69261889537968,1.8175165757532903,-1.188430396838842,1.2297766574667774,0.23995611000533384,0.11884303968388418
20000,0.6,90% Eps-Greedy / 10% Random,Fixed,65.81232209953455,1.8183072145687655,-1.3501819420267318,1.3541305711283644,0.2693107549987188,0.13501819420267316
24000,0.6,90% Eps-Greedy / 10% Random,Fixed,65.69942849000408,1.817561591710205,-1.8523848562988574,1.5953861534338871,0.2531742391171482,0.1852384856298857
8000,0.7,90% Eps-Greedy / 10% Random,Fixed,66.48448307711664,1.8227202964260174,-2.033739513218342,2.469433358842971,0.7432267617318821,0.20337395132183414
12000,0.7,90% Eps-Greedy / 10% Random,Fixed,66.73445044887806,1.8243500884494517,-1.420059311520915,1.6005719649693255,0.38256796538645,0.14200593115209148
16000,0.7,90% Eps-Greedy / 10% Random,Fixed,66.82531049391974,1.8249409853183278,-1.4079540060593685,1.5972648471524606,0.3631653660367364,0.14079540060593682
20000,0.7,90% Eps-Greedy / 10% Random,Fixed,66.65085774981691,1.8238057428513832,-1.4016843912244588,1.5339625715543073,0.3491693364290304,0.14016843912244584
24000,0.7,90% Eps-Greedy / 10% Random,Fixed,66.62145535331376,1.8236141156714252,-1.624343194302113,1.6732261227013798,0.3390402242519695,0.16243431943021125
8000,0.3,80% Eps-Greedy / 20% Random,Fixed,65.40641199747778,1.8156203256732257,-1.4206094007995635,1.3707915308677903,0.2241048484134112,0.14206094007995632
12000,0.3,80% Eps-Greedy / 20% Random,Fixed,65.39539042397296,1.8155471369483343,-1.4587192631516885,2.10380642251168,0.48824456473332223,0.14587192631516882
16000,0.3,80% Eps-Greedy / 20% Random,Fixed,65.40696538314339,1.815624000103865,-1.3029378718299771,1.278034902083985,0.22341054294714677,0.1302937871829977
20000,0.3,80% Eps-Greedy / 20% Random,Fixed,65.39019271761563,1.815512617314954,-1.2183922709675084,1.2403480738352608,0.23438266252843673,0.12183922709675081
24000,0.3,80% Eps-Greedy / 20% Random,Fixed,65.41960218704668,1.8157078988764628,-1.6289652701888788,1.5842025884338433,0.2246922434239901,0.16289652701888785
8000,0.4,80% Eps-Greedy / 20% Random,Fixed,65.46267384458018,1.8159937402361281,-1.5735227051398615,1.4859945635679697,0.2516549025975012,0.15735227051398612
12000,0.4,80% Eps-Greedy / 20% Random,Fixed,65.48994370976443,1.8161746171420525,-1.7451843196740606,2.2796686956958556,0.4844842125055072,0.17451843196740602
16000,0.4,80% Eps-Greedy / 20% Random,Fixed,65.5072263283525,1.8162892111585034,-1.2097444958947912,1.1631533446318953,0.2218819774292323,0.12097444958947909
20000,0.4,80% Eps-Greedy / 20% Random,Fixed,65.4478062604841,1.8158950940505099,-1.5750202435321918,1.445950113989064,0.23437512021047305,0.15750202435321914
24000,0.4,80% Eps-Greedy / 20% Random,Fixed,65.49271039442547,1.8161929639359826,-1.0917479209457108,1.0818680751420418,0.21667344169609795,0.10917479209457105
8000,0.5,80% Eps-Greedy / 20% Random,Fixed,65.60754166274717,1.8169537648978913,-1.553603245500922,1.4450617565125128,0.22517629137841733,0.1553603245500922
12000,0.5,80% Eps-Greedy / 20% Random,Fixed,65.63903828632765,1.8171622093402147,-1.3669420430159256,1.3152138576290502,0.2310447200690865,0.13669420430159254
16000,0.5,80% Eps-Greedy / 20% Random,Fixed,65.64137888036512,1.8171776953829453,-1.3924111807521653,1.3611685118757162,0.22380157159685996,0.1392411180752165
20000,0.5,80% Eps-Greedy / 20% Random,Fixed,65.62337828547321,1.8170585840654778,-1.4305349027067171,1.3595824573654216,0.22352926353688005,0.14305349027067168
24000,0.5,80% Eps-Greedy / 20% Random,Fixed,65.58310000338773,1.8167919411919262,-1.5743801343387567,1.4990486072589415,0.23049632101579637,0.15743801343387565
8000,0.6,80% Eps-Greedy / 20% Random,Fixed,65.82647712283122,1.8184006133017983,-1.7579685133011749,1.698476306882823,0.2821244723951923,0.17579685133011744
12000,0.6,80% Eps-Greedy / 20% Random,Fixed,65.9629295957912,1.819299935617608,-1.5491205233097667,1.5283004338782102,0.2604418991796363,0.15491205233097663
16000,0.6,80% Eps-Greedy / 20% Random,Fixed,65.90910526524007,1.8189454160096687,-1.5769554285198684,1.6139763806566576,0.26067355497673506,0.1576955428519868
20000,0.6,80% Eps-Greedy / 20% Random,Fixed,65.91970439727872,1.8190152511933293,-1.7606419372754691,1.6616502793748456,0.24440501886732247,0.17606419372754686
24000,0.6,80% Eps-Greedy / 20% Random,Fixed,65.84432692125057,1.8185183625486472,-1.258989309205554,1.321106503743654,0.2564227359817313,0.12589893092055537
8000,0.7,80% Eps-Greedy / 20% Random,Fixed,66.77017901602431,1.8245825406122054,-1.5578443937869104,2.3816237865134537,0.9159016506663303,0.15578443937869102
12000,0.7,80% Eps-Greedy / 20% Random,Fixed,67.73453358605317,1.8308101446380072,-1.7292936995384103,2.4496112286708507,0.9490467464973118,0.17292936995384098
16000,0.7,80% Eps-Greedy / 20% Random,Fixed,66.45931189744847,1.822555840393066,-1.4917942772772437,2.1539657411919024,0.7451664616679762,0.14917942772772433
20000,0.7,80% Eps-Greedy / 20% Random,Fixed,67.35994185553727,1.8284017036128786,-1.6508815359004059,2.1876212066379024,0.7911756059959228,0.16508815359004056
24000,0.7,80% Eps-Greedy / 20% Random,Fixed,66.83222327423256,1.8249859088218894,-1.4564261652768389,1.6299031108016886,0.34619211737889016,0.14564261652768384
8000,0.3,70% Eps-Greedy / 30% Random,Fixed,65.51549563208444,1.8163440308558962,-2.020747914383,2.5230088350704785,0.4814525167378528,0.20207479143829996
12000,0.3,70% Eps-Greedy / 30% Random,Fixed,65.51707922261632,1.8163545281636135,-1.7573680201683268,1.7197339060670376,0.2322747741243034,0.17573680201683264
16000,0.3,70% Eps-Greedy / 30% Random,Fixed,65.5583144331663,1.8166277789163794,-1.2156618760394446,1.1911005218434407,0.21456236538136148,0.12156618760394444
20000,0.3,70% Eps-Greedy / 30% Random,Fixed,65.5327359976813,1.8164583001687256,-1.329697565561607,1.303966792507993,0.20962723103818529,0.13296975655616067
24000,0.3,70% Eps-Greedy / 30% Random,Fixed,65.53500245590098,1.8164733200402818,-1.3900946190464325,1.4009171121661033,0.2209250898519566,0.13900946190464322
8000,0.4,70% Eps-Greedy / 30% Random,Fixed,65.61629422456434,1.81701169933152,-1.353123931650473,1.3476913230025802,0.2140577770148869,0.13531239316504728
12000,0.4,70% Eps-Greedy / 30% Random,Fixed,65.68465307439307,1.8174639104474777,-1.5865753069729198,1.6135718813493618,0.22127035291718314,0.15865753069729194
16000,0.4,70% Eps-Greedy / 30% Random,Fixed,65.70833988357865,1.8176204949106678,-1.7825131268579077,1.7783915114588695,0.2160864995565101,0.17825131268579072
20000,0.4,70% Eps-Greedy / 30% Random,Fixed,65.61624446499214,1.8170113699877786,-1.2496603239417476,1.224103473132178,0.21453452319060076,0.12496603239417474
24000,0.4,70% Eps-Greedy / 30% Random,Fixed,65.59961995848943,1.8169013233633275,-1.3683620144919628,1.3016416631895829,0.2111862490960912,0.13683620144919625
8000,0.5,70% Eps-Greedy / 30% Random,Fixed,65.67018640994395,1.8173682490680894,-1.7928526130826672,2.3480001476974,0.4867363593110159,0.1792852613082667
12000,0.5,70% Eps-Greedy / 30% Random,Fixed,65.75911545983061,1.8179559627817168,-1.5583436570459568,1.5157012097918574,0.2247729086343753,0.15583436570459563
16000,0.5,70% Eps-Greedy / 30% Random,Fixed,65.72197202288407,1.8177105861964944,-1.4077305647669767,1.38217233511321,0.22886848120215503,0.14077305647669763
20000,0.5,70% Eps-Greedy / 30% Random,Fixed,65.79585097719622,1.8181985082868926,-1.1835914118228557,1.1834003312270263,0.22779797569279867,0.11835914118228553
24000,0.5,70% Eps-Greedy / 30% Random,Fixed,65.79279863651608,1.818178360428876,-1.1817379339880734,1.1812718164418865,0.22423073972350535,0.1181737933988073
8000,0.6,70% Eps-Greedy / 30% Random,Fixed,66.12179624168074,1.8203446429522545,-1.2720622793216572,1.38940400362733,0.27149599670762425,0.12720622793216568
12000,0.6,70% Eps-Greedy / 30% Random,Fixed,66.08258801098887,1.8200870430423852,-1.7527915647017536,2.4068873103755375,0.5972745115566995,0.1752791564701753
16000,0.6,70% Eps-Greedy / 30% Random,Fixed,65.92618085459105,1.8190579175180297,-1.5882335425516365,1.5508351865588994,0.24215992866796263,0.1588233542551636
20000,0.6,70% Eps-Greedy / 30% Random,Fixed,66.00063783617908,1.8195481326236023,-1.4558877394549594,1.4704308804767658,0.24260525477130823,0.1455887739454959
24000,0.6,70% Eps-Greedy / 30% Random,Fixed,66.09602508460739,1.8201753424549585,-1.6506332917526583,1.6933235337081105,0.2521281980257142,0.16506332917526578
8000,0.7,70% Eps-Greedy / 30% Random,Fixed,67.94697995442063,1.832170158371266,-1.9063156422963243,2.770800171665531,1.0038504659470517,0.1906315642296324
12000,0.7,70% Eps-Greedy / 30% Random,Fixed,68.45752005964611,1.8354211623461318,-1.7411768971349912,2.148427569434442,0.49151338350188484,0.17411768971349909
16000,0.7,70% Eps-Greedy / 30% Random,Fixed,67.24662099404227,1.8276704668081232,-1.7486109367422824,2.1099224536764907,0.5841315917772065,0.1748610936742282
20000,0.7,70% Eps-Greedy / 30% Random,Fixed,66.91367121561339,1.8255148580806555,-1.4273442855204495,1.6854872262380916,0.3767410080642668,0.1427344285520449
24000,0.7,70% Eps-Greedy / 30% Random,Fixed,67.37571858152553,1.8285034100957545,-1.5491268836289525,1.7992146533689677,0.3996361354070355,0.1549126883628952
8000,0.3,100% Eps-Greedy,Random,66.03673429916513,1.819785588047443,-1.2533382547052512,1.2645170479284435,0.2843350303927258,0.1253338254705251
12000,0.3,100% Eps-Greedy,Random,66.00883782004055,1.8196020864436535,-1.3849333352221636,1.9147736361983785,0.25658545701848806,0.13849333352221632
16000,0.3,100% Eps-Greedy,Random,65.99482564965449,1.8195098858464722,-1.716755112005283,2.3008409398373466,0.2600657655163596,0.17167551120052826
20000,0.3,100% Eps-Greedy,Random,65.9362068231408,1.8191239594410067,-1.1805209365953717,1.1287159202648134,0.28113283989645654,0.11805209365953714
24000,0.3,100% Eps-Greedy,Random,65.90137753549776,1.8188944927398762,-1.23315773347812,1.157139235207694,0.28531099405647,0.12331577334781198
8000,0.4,100% Eps-Greedy,Random,66.08257225593917,1.8200869395002546,-1.4425329699536436,3.588000330663523,0.47705951472524327,0.14425329699536432
12000,0.4,100% Eps-Greedy,Random,66.15540150541614,1.8205653095700198,-1.3463815622867616,1.6006825264030053,0.24132158545584986,0.13463815622867614
16000,0.4,100% Eps-Greedy,Random,66.12411862995243,1.820359896359701,-1.0947125770483794,0.987895228635558,0.23622489557588147,0.10947125770483791
20000,0.4,100% Eps-Greedy,Random,66.20755584392609,1.8209075555132652,-1.0647674434732661,1.1551692599065062,0.23150787183787347,0.10647674434732658
24000,0.4,100% Eps-Greedy,Random,66.05042994713111,1.8198756489461376,-1.0582824906574373,0.9877422191265062,0.23502973886112677,0.1058282490657437
8000,0.5,100% Eps-Greedy,Random,66.33537970708707,1.8217452194054342,-1.0637035036430926,1.5623710835833904,0.22095370250870774,0.10637035036430924
12000,0.5,100% Eps-Greedy,Random,66.14157220701745,1.8204745140236596,-1.049330504296227,0.9903352070893142,0.2316695563633914,0.10493305042962268
16000,0.5,100% Eps-Greedy,Random,66.19508154507075,1.8208257215063097,-1.0280555416932544,0.9603916231512966,0.2281612595657391,0.10280555416932542
20000,0.5,100% Eps-Greedy,Random,66.15269914343759,1.8205475688437938,-1.3440125800801457,1.758513563740631,0.2333657472827368,0.13440125800801453
24000,0.5,100% Eps-Greedy,Random,66.19371786644246,1.820816774554513,-0.9988735090168198,0.9572567724398038,0.22343239416897182,0.09988735090168196
8000,0.6,100% Eps-Greedy,Random,66.29002946559162,1.8214482120593314,-1.08578095893956,1.0391530218620684,0.2155315418152432,0.10857809589395596
12000,0.6,100% Eps-Greedy,Random,66.4551692563001,1.8225287684566418,-0.9925298972076966,0.9427486089170088,0.2187262087392452,0.09925298972076964
16000,0.6,100% Eps-Greedy,Random,66.53978057711645,1.8230813643971762,-1.0478504678689575,0.9698520057258682,0.2132739409965503,0.10478504678689574
20000,0.6,100% Eps-Greedy,Random,66.4050068064022,1.8222008255489899,-1.0425300894509728,0.9869396484898593,0.22278438444514018,0.10425300894509726
24000,0.6,100% Eps-Greedy,Random,66.45078387365784,1.8225001083787686,-1.022048600073931,0.976895823016037,0.22366720093238954,0.10220486000739308
8000,0.7,100% Eps-Greedy,Random,66.78973318849911,1.8247097085494177,-1.0658075066824901,1.0183400874448634,0.22650550213182027,0.10658075066824899
12000,0.7,100% Eps-Greedy,Random,66.8835023240759,1.8253190066587563,-1.3222212992963047,1.1078751890675542,0.21072046353645485,0.13222212992963045
16000,0.7,100% Eps-Greedy,Random,66.72583682805599,1.82429402910665,-1.0813340774160751,1.001829759129527,0.21572354627676782,0.10813340774160748
20000,0.7,100% Eps-Greedy,Random,66.7413645826996,1.8243950819213823,-1.133060519039648,1.017640916274316,0.2147978428687545,0.11330605190396478
24000,0.7,100% Eps-Greedy,Random,66.81144211669384,1.8248508460474142,-1.0665592052332054,0.981874699112583,0.22105591890421916,0.10665592052332051
8000,0.3,90% Eps-Greedy / 10% Random,Random,66.08827751569132,1.8201244328330735,-1.3096854361369066,1.7935177274916232,0.4845559700912575,0.13096854361369062
12000,0.3,90% Eps-Greedy / 10% Random,Random,66.28770399990555,1.8214329766666448,-1.1922161147975843,0.9188258199393651,0.225455757207956,0.1192216114797584
16000,0.3,90% Eps-Greedy / 10% Random,Random,66.0504913613095,1.819876052756172,-1.0717295595947496,0.9744802111928673,0.22816473326169348,0.10717295595947493
20000,0.3,90% Eps-Greedy / 10% Random,Random,66.15532832373992,1.8205648291494494,-1.1021174802440976,0.9255636014138644,0.21809777093661273,0.11021174802440974
24000,0.3,90% Eps-Greedy / 10% Random,Random,66.16938765172897,1.8206571155910696,-1.3640478736527877,1.0604676935672173,0.228660071296756,0.13640478736527875
8000,0.4,90% Eps-Greedy / 10% Random,Random,66.13477452690714,1.8204298772456242,-1.3552814346043485,1.1414207569502801,0.21064096606937638,0.13552814346043482
12000,0.4,90% Eps-Greedy / 10% Random,Random,66.14240894571275,1.82048000812801,-1.107857828526788,0.9691649830523139,0.22276065003560858,0.11078578285267877
16000,0.4,90% Eps-Greedy / 10% Random,Random,66.3033221780942,1.8215352896033739,-1.2228073166211253,0.986262776212272,0.21620957442833455,0.12228073166211251
20000,0.4,90% Eps-Greedy / 10% Random,Random,66.10711168104415,1.8202481825975552,-1.0999974303233895,0.9911976515440706,0.2293330854580558,0.10999974303233892
24000,0.4,90% Eps-Greedy / 10% Random,Random,66.33599143609845,1.8217492243468436,-1.142206145222064,0.924145781615783,0.21112911820917452,0.11422061452220637
8000,0.5,90% Eps-Greedy / 10% Random,Random,66.51147888613991,1.82289660450156,-1.2106957941695653,1.0296175711028888,0.19954258382165238,0.12106957941695651
12000,0.5,90% Eps-Greedy / 10% Random,Random,66.34337458558264,1.8217975583294288,-1.0302610521943458,0.9366665211197753,0.21834560831641234,0.10302610521943456
16000,0.5,90% Eps-Greedy / 10% Random,Random,66.41473377257414,1.8222644360894604,-1.3441417373591011,1.0588984052793626,0.2299916501616552,0.13441417373591008
20000,0.5,90% Eps-Greedy / 10% Random,Random,66.37231069852918,1.8219869375177686,-1.056447295610086,0.9472853555602533,0.21171489137971572,0.1056447295610086
24000,0.5,90% Eps-Greedy / 10% Random,Random,66.34549707388304,1.8218114522595725,-1.2028876473484384,1.0220012894930735,0.20047910248159745,0.12028876473484382
8000,0.6,90% Eps-Greedy / 10% Random,Random,66.49930381501387,1.8228170986733225,-1.0654092115399707,0.9686680430305165,0.20870078871916087,0.10654092115399705
12000,0.6,90% Eps-Greedy / 10% Random,Random,66.56612699503965,1.8232532892092315,-1.0723903409799607,0.9787868052451074,0.21749053042670416,0.10723903409799604
16000,0.6,90% Eps-Greedy / 10% Random,Random,66.57528559126897,1.8233130381293214,-1.0213913118999436,0.9576649567038683,0.2228960555496881,0.10213913118999433
20000,0.6,90% Eps-Greedy / 10% Random,Random,66.45324548756251,1.8225161961579073,-1.13732260066292,1.0294675411090966,0.217667377242757,0.11373226006629197
24000,0.6,90% Eps-Greedy / 10% Random,Random,66.72365384369516,1.8242798206138742,-1.1877343293937506,0.9839655292992471,0.20277948289018877,0.11877343293937503
8000,0.7,90% Eps-Greedy / 10% Random,Random,66.92601704787822,1.8255949797084312,-1.1573692530408557,1.0157071341949173,0.21154370955513754,0.11573692530408554
12000,0.7,90% Eps-Greedy / 10% Random,Random,67.06872903542647,1.8265200764594687,-1.405298093123456,1.0809734431427138,0.21411044973694254,0.14052980931234557
16000,0.7,90% Eps-Greedy / 10% Random,Random,66.89711256557325,1.8254073730159441,-1.0551525374744788,0.9877759704158373,0.22768848580275833,0.10551525374744786
20000,0.7,90% Eps-Greedy / 10% Random,Random,67.04257838188991,1.8263507084189694,-1.3338531069119852,1.0716810834231376,0.20625051385462556,0.1333853106911985
24000,0.7,90% Eps-Greedy / 10% Random,Random,66.88570423210925,1.8253333040674538,-1.077291353941465,1.0029989846904004,0.23265690593884045,0.10772913539414648
8000,0.3,80% Eps-Greedy / 20% Random,Random,66.11226682857944,1.8202820483160957,-1.3456474237573985,1.0846337560760473,0.2028297291393326,0.13456474237573982
12000,0.3,80% Eps-Greedy / 20% Random,Random,66.36663152330881,1.8219497753343101,-1.3801916124525386,1.047664485009507,0.2281685425247466,0.13801916124525382
16000,0.3,80% Eps-Greedy / 20% Random,Random,66.26842945365233,1.8213066780349654,-1.4636418677818335,1.1312844174085062,0.18658377976841367,0.1463641867781833
20000,0.3,80% Eps-Greedy / 20% Random,Random,66.25483466824656,1.8212175745806516,-1.2112740135933988,0.9640474655908711,0.195259225633201,0.12112740135933986
24000,0.3,80% Eps-Greedy / 20% Random,Random,66.36952063734167,1.8219686809039206,-1.2618013763816307,1.0163983724610735,0.19193504413864854,0.12618013763816305
8000,0.4,80% Eps-Greedy / 20% Random,Random,66.52838106880594,1.8230069552596855,-1.3060053151306994,1.0384509862430842,0.20136421229343615,0.1306005315130699
12000,0.4,80% Eps-Greedy / 20% Random,Random,66.3994523608751,1.8221644974759872,-1.0945469393515896,0.9110871046477544,0.2154955077837405,0.10945469393515894
16000,0.4,80% Eps-Greedy / 20% Random,Random,66.4854968929753,1.8227269188927304,-1.2421313395802764,0.9779369260868361,0.20071814921679237,0.12421313395802762
20000,0.4,80% Eps-Greedy / 20% Random,Random,66.52329880171762,1.8229737771659518,-1.3143826194738526,0.9969507419598206,0.1972341026170712,0.13143826194738523
24000,0.4,80% Eps-Greedy / 20% Random,Random,66.5847552016955,1.8233748074038945,-1.295590221076845,0.9742924791297733,0.19471109385234997,0.12955902210768447
8000,0.5,80% Eps-Greedy / 20% Random,Random,66.4579807139546,1.8225471413647538,-1.0607456782923337,0.9133554747693032,0.20218795602162057,0.10607456782923334
12000,0.5,80% Eps-Greedy / 20% Random,Random,66.56510421520807,1.823246616280077,-1.0715695326491088,0.9109184479104854,0.21212713371713995,0.10715695326491086
16000,0.5,80% Eps-Greedy / 20% Random,Random,66.42850910113083,1.8223545053932593,-1.1455733627130884,0.9816477195730455,0.20500464297156915,0.11455733627130882
20000,0.5,80% Eps-Greedy / 20% Random,Random,66.49738713318855,1.8228045810033802,-1.286924812445065,1.0352465367295423,0.19698819592842282,0.12869248124450647
24000,0.5,80% Eps-Greedy / 20% Random,Random,66.65374826097508,1.8238245769049637,-1.1481161842751961,0.9459665816713017,0.1993325428595165,0.1148116184275196
8000,0.6,80% Eps-Greedy / 20% Random,Random,66.99085357457083,1.8260155114582792,-1.5168937783613294,1.1822372528659901,0.21702312761037432,0.1516893778361329
12000,0.6,80% Eps-Greedy / 20% Random,Random,66.81766037412737,1.8248912647113438,-1.178840356762441,0.9900124812153984,0.20235901067137435,0.11788403567624407
16000,0.6,80% Eps-Greedy / 20% Random,Random,66.82186998476509,1.8249186250390343,-1.185272352039378,1.0335804442266603,0.21214708357877798,0.11852723520393778
20000,0.6,80% Eps-Greedy / 20% Random,Random,66.86910555210339,1.8252255140719829,-1.2651770717797606,0.99820925964975,0.1972693873960287,0.12651770717797603
24000,0.6,80% Eps-Greedy / 20% Random,Random,66.79159796733285,1.824721833943745,-1.2823692205542365,1.0184580245235753,0.1976159205188969,0.1282369220554236
8000,0.7,80% Eps-Greedy / 20% Random,Random,67.05029170500494,1.82640067160743,-1.2775090529143986,1.0625301474741522,0.21780148721049294,0.12775090529143984
12000,0.7,80% Eps-Greedy / 20% Random,Random,67.2387703649291,1.827619762640589,-1.3071185698701753,1.0803947600971457,0.21305727344496425,0.1307118569870175
16000,0.7,80% Eps-Greedy / 20% Random,Random,67.1780474384483,1.8272273767156644,-1.356188743946455,1.0756907303690313,0.20904971898635938,0.13561887439464548
20000,0.7,80% Eps-Greedy / 20% Random,Random,67.16132942909499,1.8271192842201158,-1.2662985998521,1.0459821605466983,0.2121306941932752,0.12662985998520995
24000,0.7,80% Eps-Greedy / 20% Random,Random,67.13031713672899,1.8269186988817188,-1.265725968256268,1.0210070509419,0.20821212157529256,0.12657259682562677
8000,0.3,70% Eps-Greedy / 30% Random,Random,66.52212075442338,1.8229660862669936,-1.3955972405391592,1.041830766995985,0.18162584755056707,0.1395597240539159
12000,0.3,70% Eps-Greedy / 30% Random,Random,66.48428925542476,1.8227190303288763,-1.2895182920597978,1.0285422934507986,0.19707726458010827,0.12895182920597975
16000,0.3,70% Eps-Greedy / 30% Random,Random,66.60235835423302,1.823489607580151,-1.4013979732358346,1.0199679784158786,0.18053611780936374,0.14013979732358342
20000,0.3,70% Eps-Greedy / 30% Random,Random,66.46892531566695,1.8226186570613574,-1.4048832531791622,1.0438221974511517,0.19024013342423374,0.1404883253179162
24000,0.3,70% Eps-Greedy / 30% Random,Random,66.56049168290733,1.8232165214314777,-1.4287114260681657,1.0099064619093117,0.1787399033858577,0.14287114260681655
8000,0.4,70% Eps-Greedy / 30% Random,Random,66.70151070252163,1.824135670233477,-1.734542601549866,2.288737010255932,0.1929539302665367,0.17345426015498655
12000,0.4,70% Eps-Greedy / 30% Random,Random,66.60140378929836,1.8234833830970423,-1.4468891154536725,1.0641471025745253,0.18923715417940154,0.14468891154536723
16000,0.4,70% Eps-Greedy / 30% Random,Random,66.68420574879966,1.824022982816066,-1.3912798144493443,1.0263495554654447,0.18747758872463094,0.1391279814449344
20000,0.4,70% Eps-Greedy / 30% Random,Random,66.60205307962013,1.8234876169692034,-1.355905155484769,1.0095413490941398,0.18368553761939346,0.13559051554847687
24000,0.4,70% Eps-Greedy / 30% Random,Random,66.64635515498628,1.823776403121807,-1.4596945026117265,1.0739244980527627,0.18556882894335353,0.1459694502611726
8000,0.5,70% Eps-Greedy / 30% Random,Random,66.66332457734681,1.823886968634332,-1.1641950916455674,0.9713130169391562,0.19879799367484732,0.11641950916455672
12000,0.5,70% Eps-Greedy / 30% Random,Random,66.82440884065315,1.8249351254775406,-1.2565738436764844,0.940273642820854,0.2005985683054208,0.12565738436764842
16000,0.5,70% Eps-Greedy / 30% Random,Random,66.70158307315808,1.8241361414394612,-1.2689066190539842,1.0162335375825469,0.19430901603966547,0.12689066190539838
20000,0.5,70% Eps-Greedy / 30% Random,Random,66.6978995909598,1.8241121575984245,-1.3213589948071927,1.0372608461657131,0.19193205296229937,0.13213589948071924
24000,0.5,70% Eps-Greedy / 30% Random,Random,66.66407399013467,1.8238918508392192,-1.1592139620283062,0.9282625440484256,0.19810672154297304,0.1159213962028306
8000,0.6,70% Eps-Greedy / 30% Random,Random,66.91175825364789,1.825502442072292,-1.5430194004298876,1.2588313411085559,0.2202638975225772,0.15430194004298872
12000,0.6,70% Eps-Greedy / 30% Random,Random,66.84069628400458,1.8250409653195883,-1.3676706283732438,1.082481941347165,0.2033322679510039,0.13676706283732434
16000,0.6,70% Eps-Greedy / 30% Random,Random,67.01391652654051,1.8261650003588337,-1.2824918871786974,1.0193496024823276,0.20107194501957648,0.12824918871786972
20000,0.6,70% Eps-Greedy / 30% Random,Random,67.09119534898947,1.8266655296735352,-1.4045692198700241,1.06272880217007,0.198235172971422,0.14045692198700238
24000,0.6,70% Eps-Greedy / 30% Random,Random,66.8490086177054,1.8250949709839035,-1.2538440549531045,1.0415530132277735,0.2021216682541458,0.1253844054953104
8000,0.7,70% Eps-Greedy / 30% Random,Random,67.6022247987467,1.829960988869442,-1.431654654507485,1.113197666439049,0.22946123454545742,0.14316546545074849
12000,0.7,70% Eps-Greedy / 30% Random,Random,67.51610514746616,1.8294073808665303,-1.4603872927895012,1.0646073433409704,0.20754854442817955,0.1460387292789501
16000,0.7,70% Eps-Greedy / 30% Random,Random,67.48708255450259,1.8292206541323943,-1.5552368924180557,1.1328701152855618,0.2099131780479201,0.15552368924180554
20000,0.7,70% Eps-Greedy / 30% Random,Random,67.54301404122037,1.8295804367001003,-1.537182747444276,1.1276366397325452,0.21209109681467425,0.15371827474442756
24000,0.7,70% Eps-Greedy / 30% Random,Random,67.40229501590552,1.8286746843064572,-1.3598459835424856,1.049157756909314,0.20871667470890098,0.13598459835424853
