alpha,eta,rho,T,theta_lr,theta_inner_steps,theta_lambda,batch_size,hidden_sizes,beta_reg,theta_mode,theta_optimizer,theta_start_mode,beta_update,policy_optimizer,policy_gradient,nn_seed,seed,device,status,error,elapsed_seconds,greedy_mean_steps,greedy_success_rate,greedy_avg_env_return,solver_mean_steps,solver_success_rate,solver_avg_env_return,final_total_loss,final_policy_objective,final_beta_objective,final_q_objective,final_theta_norm,final_policy_grad_norm,final_beta_grad_norm,final_theta_grad_norm,run_idx
3e-05,1e-08,0.02,20000,0.001,10,1e-09,,16x16,,reg_fixed,adam,warm,fogas_diag,adam,exact,44,44,cuda:3,ok,,937.9997238559881,187.12,0.24,-187.12,200.0,0.0,-200.0,-360.46564815463637,-341.85784674130116,-20.33192740361694,-360.4580223241921,928.7203791165958,77.02318163864497,379.31650325040806,0.773748495588986,44
3e-05,1e-08,0.005,20000,0.0003,10,1e-10,,16x16,,reg_fixed,adam,warm,fogas_diag,adam,exact,44,44,cuda:2,ok,,934.5029871310107,200.0,0.0,-200.0,200.0,0.0,-200.0,-109.86476050223575,-47.27644784516101,-7.708436181681873,-109.8050652502671,389.239986420105,7.54431730254552e-05,111.13444447321605,0.4431843062291281,10
3e-05,1e-08,0.005,20000,0.0003,10,1e-11,,16x16,,reg_fixed,adam,warm,fogas_diag,adam,exact,44,44,cuda:1,ok,,934.7175910719961,200.0,0.0,-200.0,200.0,0.0,-200.0,-109.8647794824298,-47.27569607816787,-7.708455161284062,-109.80508341107834,414.9821203022173,7.542116644578059e-05,111.13726770945108,0.4431844016631402,9
3e-05,1e-08,0.1,20000,0.0003,10,1e-11,,16x16,,reg_fixed,adam,warm,fogas_diag,adam,exact,44,44,cuda:1,ok,,935.1017621229985,200.0,0.0,-200.0,200.0,0.0,-200.0,-109.86445931671767,-47.277437445673876,-7.708134995595763,-109.80476513905334,412.750030875099,7.539392572725738e-05,111.1353223975648,0.4431831166438831,58
3e-05,1e-08,0.5,20000,0.0003,10,1e-12,,16x16,,reg_fixed,adam,warm,fogas_diag,adam,exact,44,44,cuda:0,ok,,935.1495020530128,200.0,0.0,-200.0,200.0,0.0,-200.0,-109.86318346884786,-47.28233655082979,-7.706859147632361,-109.80349461270106,414.47587320698557,7.540814836938513e-05,111.13155469242507,0.44317798837758837,81
3e-05,1e-08,0.005,20000,0.001,10,1e-10,,16x16,,reg_fixed,adam,warm,fogas_diag,adam,exact,44,44,cuda:2,ok,,935.251089530997,200.0,0.0,-200.0,200.0,0.0,-200.0,-355.49899729191515,-312.79034562776224,-15.346918375179726,-355.4982882383928,942.2458925023758,3.2477866926539707,313.3765541802534,0.5411904046831235,17
3e-05,1e-08,0.005,20000,0.0001,10,1e-11,,16x16,,reg_fixed,adam,warm,fogas_diag,adam,exact,44,44,cuda:1,ok,,935.4985802859883,200.0,0.0,-200.0,200.0,0.0,-200.0,-37.0466033489908,-13.590733934900442,-2.890340733148855,-36.979686180196566,198.5496442287158,2.9944558668350476e-05,38.98442829262778,0.4463962574992369,1
3e-05,1e-08,0.5,20000,0.0003,10,1e-11,,16x16,,reg_fixed,adam,warm,fogas_diag,adam,exact,44,44,cuda:1,ok,,935.7683527779882,200.0,0.0,-200.0,200.0,0.0,-200.0,-109.86320486993152,-47.28173123030989,-7.70688054936578,-109.80351535400592,413.87441551302464,7.52194042086488e-05,111.15264097989056,0.44317807209541915,82
3e-05,1e-08,0.005,20000,0.0003,10,1e-09,,16x16,,reg_fixed,adam,warm,fogas_diag,adam,exact,44,44,cuda:3,ok,,935.899963562988,200.0,0.0,-200.0,200.0,0.0,-200.0,-109.86476237584667,-47.27644526267224,-7.7084380555125565,-109.80506712083616,303.7675236292177,7.574498201877115e-05,111.12802963543353,0.4431840904520573,12
3e-05,1e-08,0.1,20000,0.001,10,1e-12,,16x16,,reg_fixed,adam,warm,fogas_diag,adam,exact,44,44,cuda:0,ok,,936.080333291,200.0,0.0,-200.0,200.0,0.0,-200.0,-357.9848778987629,-325.0596222725384,-17.859102079581476,-357.9823403510104,953.9785936518989,11.527995184035733,363.6906935335895,1.274465310074118,65
3e-05,1e-08,0.02,20000,0.0001,10,1e-12,,16x16,,reg_fixed,adam,warm,fogas_diag,adam,exact,44,44,cuda:0,ok,,936.6241900129826,200.0,0.0,-200.0,200.0,0.0,-200.0,-37.04658525401847,-13.590794438359413,-2.8903226381818636,-36.979668281757625,199.16768222964825,2.9944819374781942e-05,38.9842873254606,0.4463960420577684,25
3e-05,1e-08,0.02,20000,0.0001,10,1e-10,,16x16,,reg_fixed,adam,warm,fogas_diag,adam,exact,44,44,cuda:2,ok,,936.9877812410123,200.0,0.0,-200.0,200.0,0.0,-200.0,-37.046585055815726,-13.590808076439892,-2.890322439991886,-36.979668128005,192.23194933726708,2.9941553990931674e-05,38.984292473610374,0.44639603201686484,27
3e-05,1e-08,0.005,20000,0.0001,10,1e-09,,16x16,,reg_fixed,adam,warm,fogas_diag,adam,exact,44,44,cuda:3,ok,,937.0101289220038,200.0,0.0,-200.0,200.0,0.0,-200.0,-37.04660098356049,-13.590864980396425,-2.8903383678408123,-36.979684241896095,149.31178108115077,2.9893388318057644e-05,38.98476062217033,0.44639615224041485,2
3e-05,1e-08,0.005,20000,0.0001,10,1e-08,,16x16,,reg_fixed,adam,warm,fogas_diag,adam,exact,44,44,cuda:4,ok,,937.1930373430077,200.0,0.0,-200.0,200.0,0.0,-200.0,-37.04658832524799,-13.591146052734032,-2.890325710643438,-36.979672499770686,116.1757565208233,2.9736921174741678e-05,38.98557312668043,0.4463952651816573,3
3e-05,1e-08,0.5,20000,0.001,10,1e-11,,16x16,,reg_fixed,adam,warm,fogas_diag,adam,exact,44,44,cuda:1,ok,,937.257377055008,200.0,0.0,-200.0,200.0,0.0,-200.0,-353.99682221640177,-298.30935350555416,-13.84128812100658,-353.9864698065752,947.9206873983568,6.717509070727004,412.2596349517242,0.4865377279340118,90
3e-05,1e-08,0.005,20000,0.0003,10,1e-12,,16x16,,reg_fixed,adam,warm,fogas_diag,adam,exact,44,44,cuda:0,ok,,937.3143070149818,200.0,0.0,-200.0,200.0,0.0,-200.0,-109.86477740744724,-47.27583345914982,-7.70845308667475,-109.80508148585957,418.5494090442661,7.527578504357653e-05,111.15367456709261,0.4431843990627862,11
3e-05,1e-08,0.1,20000,0.0001,10,1e-09,,16x16,,reg_fixed,adam,warm,fogas_diag,adam,exact,44,44,cuda:3,ok,,937.524943892,200.0,0.0,-200.0,200.0,0.0,-200.0,-37.046486275330444,-13.591256021213376,-2.8902236596519115,-36.97957080396792,149.28226083446089,2.9895340208482565e-05,38.98382873490433,0.4463947820860222,51
3e-05,1e-08,0.5,20000,0.001,10,1e-12,,16x16,,reg_fixed,adam,warm,fogas_diag,adam,exact,44,44,cuda:0,ok,,937.5743943630077,200.0,0.0,-200.0,200.0,0.0,-200.0,-346.0424117476409,-295.4871886748586,-5.887301192532809,-346.0279231963115,918.2087977043063,0.311655182549716,551.4316069074011,0.42007625529046716,89
3e-05,1e-08,0.02,20000,0.0001,10,1e-11,,16x16,,reg_fixed,adam,warm,fogas_diag,adam,exact,44,44,cuda:1,ok,,937.589630011993,200.0,0.0,-200.0,200.0,0.0,-200.0,-37.04658523795369,-13.590795800076393,-2.890322622118146,-36.979668270133175,198.54489546467443,2.994204719775098e-05,38.984334297578705,0.4463960411732801,26
3e-05,1e-08,0.005,20000,0.001,10,1e-11,,16x16,,reg_fixed,adam,warm,fogas_diag,adam,exact,44,44,cuda:1,ok,,937.6303144030098,200.0,0.0,-200.0,200.0,0.0,-200.0,-351.4767087701139,-302.3196831871582,-11.32893970512419,-351.46836793371557,936.8375584788481,28.16383897862007,664.9659205629463,1.217509453099988,18
3e-05,1e-08,0.02,20000,0.001,10,1e-12,,16x16,,reg_fixed,adam,warm,fogas_diag,adam,exact,44,44,cuda:0,ok,,937.7554151889926,200.0,0.0,-200.0,200.0,0.0,-200.0,-354.7817223650859,-316.4747250450904,-14.641747363509305,-354.782170662368,946.3345352693779,2.6621618444525654,286.5305771438323,0.6839051355733768,41
3e-05,1e-08,0.5,20000,0.001,10,1e-10,,16x16,,reg_fixed,adam,warm,fogas_diag,adam,exact,44,44,cuda:2,ok,,937.8254497580056,200.0,0.0,-200.0,200.0,0.0,-200.0,-349.7482372577452,-277.81076847023644,-9.594393806562396,-349.7418527329922,927.5427042703519,0.36913974826714285,200.3345493056347,0.5392626412394594,91
3e-05,1e-08,0.02,20000,0.0003,10,1e-12,,16x16,,reg_fixed,adam,warm,fogas_diag,adam,exact,44,44,cuda:0,ok,,938.0281620300084,200.0,0.0,-200.0,200.0,0.0,-200.0,-109.8647284814856,-47.27602328639864,-7.708404160415255,-109.80503276612862,418.26519559558307,7.527541980790601e-05,111.15360769970225,0.4431842022235252,33
3e-05,1e-08,0.02,20000,0.0003,10,1e-11,,16x16,,reg_fixed,adam,warm,fogas_diag,adam,exact,44,44,cuda:1,ok,,938.0430199019902,200.0,0.0,-200.0,200.0,0.0,-200.0,-109.86470457478195,-47.27669201796529,-7.708380255459728,-109.80500958833021,414.3705922613617,7.54264140132212e-05,111.13393481703797,0.44318410398550573,34
3e-05,1e-08,0.1,20000,0.0001,10,1e-12,,16x16,,reg_fixed,adam,warm,fogas_diag,adam,exact,44,44,cuda:0,ok,,938.2594340510259,200.0,0.0,-200.0,200.0,0.0,-200.0,-37.046488659705794,-13.591124093719174,-2.8902260439036174,-36.97957275834045,199.12122159931477,2.9944921825276346e-05,38.98353501859671,0.44639488828322166,49
3e-05,1e-08,0.5,20000,0.0001,10,1e-12,,16x16,,reg_fixed,adam,warm,fogas_diag,adam,exact,44,44,cuda:0,ok,,938.5321449670009,200.0,0.0,-200.0,200.0,0.0,-200.0,-37.04600568790088,-13.592789101580173,-2.889743072266762,-36.97909519553903,198.87791175568003,2.994393371094076e-05,38.97978682693432,0.4463891200890945,73
3e-05,1e-08,0.5,20000,0.0003,10,1e-10,,16x16,,reg_fixed,adam,warm,fogas_diag,adam,exact,44,44,cuda:2,ok,,939.0544189989741,200.0,0.0,-200.0,200.0,0.0,-200.0,-109.86318372680047,-47.28241585277322,-7.706859406459172,-109.80349495706358,388.9657926080279,7.53794416121712e-05,111.1312513242068,0.44317796520841124,83
3e-05,1e-08,0.1,20000,0.001,10,1e-11,,16x16,,reg_fixed,adam,warm,fogas_diag,adam,exact,44,44,cuda:1,ok,,939.396723185986,200.0,0.0,-200.0,200.0,0.0,-200.0,-352.0089091898551,-298.04558759372674,-11.854858206728265,-352.00545157773263,931.7609774390338,0.895724642469655,251.99925769192177,0.6513952776890268,66
3e-05,1e-08,0.02,20000,0.0003,10,1e-09,,16x16,,reg_fixed,adam,warm,fogas_diag,adam,exact,44,44,cuda:3,ok,,939.4362009220058,200.0,0.0,-200.0,200.0,0.0,-200.0,-109.86471457632287,-47.27662632083099,-7.708390256091394,-109.80501951800903,303.55941825436446,7.564142587962669e-05,111.14236170152763,0.4431838998619937,36
3e-05,1e-08,0.1,20000,0.0003,10,1e-10,,16x16,,reg_fixed,adam,warm,fogas_diag,adam,exact,44,44,cuda:2,ok,,939.6012938739732,200.0,0.0,-200.0,200.0,0.0,-200.0,-109.8644562591938,-47.27762350990107,-7.70813193826408,-109.80476228430189,389.67120653837776,7.542921421851799e-05,111.13362342170603,0.4431830828432937,59
3e-05,1e-08,0.1,20000,0.001,10,1e-09,,16x16,,reg_fixed,adam,warm,fogas_diag,adam,exact,44,44,cuda:3,ok,,939.6724222209887,200.0,0.0,-200.0,200.0,0.0,-200.0,-376.6932250435325,-331.725898231804,-36.60986551501319,-376.6738068161921,878.5271748331076,20.078929281838136,549.161226137572,0.613619272223058,68
3e-05,1e-08,0.5,20000,0.0001,10,1e-10,,16x16,,reg_fixed,adam,warm,fogas_diag,adam,exact,44,44,cuda:2,ok,,939.8406215639843,200.0,0.0,-200.0,200.0,0.0,-200.0,-37.04600546027936,-13.592810720996013,-2.8897428446578246,-36.97909503837518,191.91119049593215,2.9942907785466686e-05,38.97975190052077,0.446389110017705,75
3e-05,1e-08,0.5,20000,0.0001,10,1e-11,,16x16,,reg_fixed,adam,warm,fogas_diag,adam,exact,44,44,cuda:1,ok,,939.9896470399981,200.0,0.0,-200.0,200.0,0.0,-200.0,-37.04600566726523,-13.59279100305246,-2.889743051632102,-36.97909518109819,198.24470504871692,2.994616579774337e-05,38.979741488459105,0.44638911917181856,74
3e-05,1e-08,0.5,20000,0.0001,10,1e-09,,16x16,,reg_fixed,adam,warm,fogas_diag,adam,exact,44,44,cuda:3,ok,,940.0379284750088,200.0,0.0,-200.0,200.0,0.0,-200.0,-37.04600334460002,-13.59290630565516,-2.889740729096829,-36.97909323426189,149.17363390964562,2.9891709244327807e-05,38.98014412614984,0.4463890137891843,76
3e-05,1e-08,0.005,20000,0.001,10,1e-09,,16x16,,reg_fixed,adam,warm,fogas_diag,adam,exact,44,44,cuda:3,ok,,940.0906688469986,200.0,0.0,-200.0,200.0,0.0,-200.0,-352.116708479485,-301.83230571617753,-11.970887392164792,-352.1100428875667,924.8663389620568,6.7814300731548665,183.23530809565187,0.6383864366237025,20
3e-05,1e-08,0.02,20000,0.001,10,1e-10,,16x16,,reg_fixed,adam,warm,fogas_diag,adam,exact,44,44,cuda:2,ok,,940.239887217991,200.0,0.0,-200.0,200.0,0.0,-200.0,-355.8826019069485,-308.72930509007875,-15.73129890898682,-355.87625538495075,920.7756109208268,22.54248977220129,488.4568066090436,0.6045643760624625,43
3e-05,1e-08,0.02,20000,0.0003,10,1e-10,,16x16,,reg_fixed,adam,warm,fogas_diag,adam,exact,44,44,cuda:2,ok,,940.3915216269961,200.0,0.0,-200.0,200.0,0.0,-200.0,-109.86472291097357,-47.276259131523986,-7.7083985897473415,-109.8050274526684,391.4702705393607,7.530450834994137e-05,111.15194181285479,0.44318415599151,35
3e-05,1e-08,0.02,20000,0.001,10,1e-11,,16x16,,reg_fixed,adam,warm,fogas_diag,adam,exact,44,44,cuda:1,ok,,940.4857991570025,200.0,0.0,-200.0,200.0,0.0,-200.0,-345.9677753012554,-296.23839472704987,-5.8126639495620545,-345.95353089702155,918.6337515993191,0.2993518992172651,551.3352487249718,0.4232191327601968,42
3e-05,1e-08,0.5,20000,0.001,10,1e-09,,16x16,,reg_fixed,adam,warm,fogas_diag,adam,exact,44,44,cuda:3,ok,,940.6565173550043,200.0,0.0,-200.0,200.0,0.0,-200.0,-353.99867914136934,-313.80212284535577,-13.848880202043139,-353.99261220276236,937.9101014902035,3.398701391109603,227.98222229693437,0.6426212285866173,92
3e-05,1e-08,0.1,20000,0.0001,10,1e-11,,16x16,,reg_fixed,adam,warm,fogas_diag,adam,exact,44,44,cuda:1,ok,,940.6972139439895,200.0,0.0,-200.0,200.0,0.0,-200.0,-37.04648864085509,-13.591125240309522,-2.890226025053995,-36.97957274322676,198.48550426340128,2.9944690838996574e-05,38.98353536765191,0.4463948873565601,50
3e-05,1e-08,0.005,20000,0.0001,10,1e-07,,16x16,,reg_fixed,adam,warm,fogas_diag,adam,exact,44,44,cuda:5,ok,,940.7401473120262,200.0,0.0,-200.0,200.0,0.0,-200.0,-37.04652771559024,-13.59175469687548,-2.8902651110745747,-36.979613874390296,99.71317823251343,2.9376609297878967e-05,38.98561553495798,0.4463871021079905,4
3e-05,1e-08,0.1,20000,0.0003,10,1e-12,,16x16,,reg_fixed,adam,warm,fogas_diag,adam,exact,44,44,cuda:0,ok,,940.8030106700025,200.0,0.0,-200.0,200.0,0.0,-200.0,-109.86445611463907,-47.2775079217366,-7.708131793380276,-109.80476201385738,415.68148553971747,7.524212421424815e-05,111.15157529694446,0.4431831094476101,57
3e-05,1e-08,0.02,20000,0.0001,10,1e-09,,16x16,,reg_fixed,adam,warm,fogas_diag,adam,exact,44,44,cuda:3,ok,,940.895211976982,200.0,0.0,-200.0,200.0,0.0,-200.0,-37.04658287252287,-13.590926274190867,-2.890320256809622,-36.97966632996595,149.30918914465832,2.9895607866239895e-05,38.98457429302159,0.44639593589164656,28
3e-05,1e-08,0.1,20000,0.001,10,1e-10,,16x16,,reg_fixed,adam,warm,fogas_diag,adam,exact,44,44,cuda:2,ok,,940.9238569309819,200.0,0.0,-200.0,200.0,0.0,-200.0,-345.69022587735316,-298.98179807383286,-5.535112149918036,-345.67687878542364,909.6991741107355,0.2745144064393986,551.1829245148934,0.420784048594933,67
3e-05,1e-08,0.5,20000,0.0003,10,1e-09,,16x16,,reg_fixed,adam,warm,fogas_diag,adam,exact,44,44,cuda:3,ok,,940.9943733710097,200.0,0.0,-200.0,200.0,0.0,-200.0,-109.86318821263933,-47.282503510136706,-7.706863892706838,-109.80349953817927,303.91079800289424,7.56734545882531e-05,111.1249459293405,0.4431777603259262,84
3e-05,1e-08,0.005,20000,0.0003,10,1e-08,,16x16,,reg_fixed,adam,warm,fogas_diag,adam,exact,44,44,cuda:4,ok,,941.2009620619938,200.0,0.0,-200.0,200.0,0.0,-200.0,-109.86472743350147,-47.279579281596455,-7.708403118560057,-109.80503559307509,270.29017309936296,7.819750971379339e-05,111.12141896203798,0.443181734568305,13
3e-05,1e-08,0.1,20000,0.0003,10,1e-09,,16x16,,reg_fixed,adam,warm,fogas_diag,adam,exact,44,44,cuda:3,ok,,941.2839318719925,200.0,0.0,-200.0,200.0,0.0,-200.0,-109.86446154601474,-47.277611816087244,-7.7081372256375795,-109.8047675581274,303.7399026921884,7.572763542510496e-05,111.12751956769148,0.44318288076319756,60
3e-05,1e-08,0.005,20000,0.001,10,1e-12,,16x16,,reg_fixed,adam,warm,fogas_diag,adam,exact,44,44,cuda:0,ok,,941.3662768390204,200.0,0.0,-200.0,200.0,0.0,-200.0,-353.6658169142636,-305.658073983355,-13.510469633289489,-353.65783491198357,928.3933351704574,8.085833921944134,160.4045135558031,0.85901702385834,19
3e-05,1e-08,0.005,20000,0.0001,10,1e-05,,16x16,,reg_fixed,adam,warm,fogas_diag,adam,exact,44,44,cuda:7,ok,,941.9022261740174,200.0,0.0,-200.0,200.0,0.0,-200.0,-37.04479543363358,-13.601531440854007,-2.8885332667125,-36.97791345716819,86.24593212600463,2.8666335501012303e-05,39.005042539869244,0.44554645394141945,5
3e-05,1e-08,0.02,20000,0.0003,10,1e-08,,16x16,,reg_fixed,adam,warm,fogas_diag,adam,exact,44,44,cuda:4,ok,,943.5186191590037,200.0,0.0,-200.0,200.0,0.0,-200.0,-109.86467944841445,-47.279782125238675,-7.708355133604276,-109.8049878283608,270.28909668239754,7.829011649373803e-05,111.1086707456656,0.4431815410966912,37
3e-05,1e-08,0.1,20000,0.001,10,1e-08,,16x16,,reg_fixed,adam,warm,fogas_diag,adam,exact,44,44,cuda:4,ok,,943.976916382002,200.0,0.0,-200.0,200.0,0.0,-200.0,-353.44521961288575,-323.313393887525,-13.303828239849981,-353.4442669805792,939.3694980514799,12.872097524042196,364.7724365470034,0.7720085073269768,69
3e-05,1e-08,0.1,20000,0.0001,10,1e-10,,16x16,,reg_fixed,adam,warm,fogas_diag,adam,exact,44,44,cuda:2,ok,,944.1946168770082,200.0,0.0,-200.0,200.0,0.0,-200.0,-37.046488457202074,-13.591138880425511,-2.890225841412386,-36.979572604032235,192.1822559653288,2.9939141016006993e-05,38.98358707634391,0.4463948782368416,52
3e-05,1e-08,0.5,20000,0.0003,10,1e-08,,16x16,,reg_fixed,adam,warm,fogas_diag,adam,exact,44,44,cuda:4,ok,,945.1638080549892,200.0,0.0,-200.0,200.0,0.0,-200.0,-109.86315106032241,-47.28577045857907,-7.7068267458273,-109.80346594531326,270.2613441991976,7.814764579093475e-05,111.11831889988953,0.4431753961664933,85
3e-05,1e-08,0.5,20000,0.0001,10,1e-08,,16x16,,reg_fixed,adam,warm,fogas_diag,adam,exact,44,44,cuda:4,ok,,946.2436864360061,200.0,0.0,-200.0,200.0,0.0,-200.0,-37.04599080580111,-13.59317364953187,-2.889728191419716,-36.979081566907794,116.15755955652267,2.97391332083219e-05,38.981024443448405,0.446388127615735,77
3e-05,1e-08,0.1,20000,0.0001,10,1e-08,,16x16,,reg_fixed,adam,warm,fogas_diag,adam,exact,44,44,cuda:4,ok,,946.3027274410124,200.0,0.0,-200.0,200.0,0.0,-200.0,-37.04647363278429,-13.591535411110945,-2.890211018228596,-36.97955907212815,116.17216255049702,2.973665880733244e-05,38.98471234363228,0.44639389514917893,53
3e-05,1e-08,0.02,20000,0.001,10,1e-08,,16x16,,reg_fixed,adam,warm,fogas_diag,adam,exact,44,44,cuda:4,ok,,946.3561096880003,200.0,0.0,-200.0,200.0,0.0,-200.0,-355.7775579929424,-252.84527342239642,-15.622408808067233,-355.7499701477173,855.9225357723553,11.953223890054561,696.8084131967329,0.4313022938045066,45
3e-05,1e-08,0.005,20000,0.001,10,1e-08,,16x16,,reg_fixed,adam,warm,fogas_diag,adam,exact,44,44,cuda:4,ok,,947.1931307679915,200.0,0.0,-200.0,200.0,0.0,-200.0,-354.17967028213593,-309.2138666927926,-14.03039551124124,-354.17679162658214,922.1620565081957,8.859608099141507,186.98591971006476,0.4745242872174108,21
3e-05,1e-08,0.5,20000,0.001,10,1e-08,,16x16,,reg_fixed,adam,warm,fogas_diag,adam,exact,44,44,cuda:4,ok,,947.8839439570147,200.0,0.0,-200.0,200.0,0.0,-200.0,-357.5472413664831,-319.8383108068889,-17.398813676423995,-357.5445043233561,942.0266320260436,2.126805897016622,250.5166419931491,1.488862926206039,93
3e-05,1e-08,0.1,20000,0.0003,10,1e-08,,16x16,,reg_fixed,adam,warm,fogas_diag,adam,exact,44,44,cuda:4,ok,,947.9026119420014,200.0,0.0,-200.0,200.0,0.0,-200.0,-109.86442549456555,-47.28076736605766,-7.708101179111795,-109.80473494470544,270.28435537283224,7.828493906297953e-05,111.10824051203284,0.4431805199161828,61
3e-05,1e-08,0.02,20000,0.0001,10,1e-08,,16x16,,reg_fixed,adam,warm,fogas_diag,adam,exact,44,44,cuda:4,ok,,948.6684945330198,200.0,0.0,-200.0,200.0,0.0,-200.0,-37.046570215352325,-13.59120754991444,-2.8903076007547948,-36.97965458964719,116.17516857915443,2.9736967702278516e-05,38.985437230354094,0.4463950488547598,29
3e-05,1e-08,0.005,20000,0.0003,10,1e-06,,16x16,,reg_fixed,adam,warm,fogas_diag,adam,exact,44,44,cuda:6,ok,,963.6721196679864,200.0,0.0,-200.0,200.0,0.0,-200.0,-109.86367750834208,-47.30684723830927,-7.707353394045297,-109.80401537927028,252.7596770060221,0.00010786692958614763,111.11441831162526,0.4429323421866176,15
3e-05,1e-08,0.005,20000,0.0003,10,1e-07,,16x16,,reg_fixed,adam,warm,fogas_diag,adam,exact,44,44,cuda:5,ok,,964.0348530260089,200.0,0.0,-200.0,200.0,0.0,-200.0,-109.86462036068576,-47.28890196849866,-7.7082960699258605,-109.80493867874941,257.9652129589643,7.899659624279669e-05,111.07096095260458,0.4431590500669313,14
3e-05,1e-08,0.1,20000,0.0001,10,1e-07,,16x16,,reg_fixed,adam,warm,fogas_diag,adam,exact,44,44,cuda:5,ok,,964.2765161970165,200.0,0.0,-200.0,200.0,0.0,-200.0,-37.04641302431341,-13.592152697356251,-2.8901504198377976,-36.9795004761006,99.71248614476139,2.9373648513117595e-05,38.98489254767446,0.44638573244197716,54
3e-05,1e-08,0.005,20000,0.0001,10,1e-06,,16x16,,reg_fixed,adam,warm,fogas_diag,adam,exact,44,44,cuda:6,ok,,964.5693946240062,200.0,0.0,-200.0,200.0,0.0,-200.0,-37.04622142700714,-13.593746543994238,-2.889958916318403,-36.9793140779926,90.88286003389064,2.9297325140082417e-05,38.98704390055305,0.4463089271218223,6
3e-05,1e-08,0.1,20000,0.0003,10,1e-06,,16x16,,reg_fixed,adam,warm,fogas_diag,adam,exact,44,44,cuda:6,ok,,965.3522797659971,200.0,0.0,-200.0,200.0,0.0,-200.0,-109.86337471098993,-47.308099882087475,-7.7070505959323405,-109.80371394289887,252.75978929210618,0.000107722262045811,111.13712908511653,0.44293113168513243,63
3e-05,1e-08,0.02,20000,0.0001,10,1e-06,,16x16,,reg_fixed,adam,warm,fogas_diag,adam,exact,44,44,cuda:6,ok,,966.0653902060003,200.0,0.0,-200.0,200.0,0.0,-200.0,-37.04620331283196,-13.593810411362774,-2.8899408021503836,-36.97929617131383,90.8827716434311,2.9297228753619218e-05,38.986915778051,0.44630871083965123,30
3e-05,1e-08,0.1,20000,0.001,10,1e-07,,16x16,,reg_fixed,adam,warm,fogas_diag,adam,exact,44,44,cuda:5,ok,,966.0828937689948,200.0,0.0,-200.0,200.0,0.0,-200.0,-353.2225327425123,-291.81755945610183,-13.072189306956465,-353.2134907659346,972.3341614735457,1.1091832133555017,189.7350174097637,0.8660559299092975,70
3e-05,1e-08,0.005,20000,0.0003,10,1e-05,,16x16,,reg_fixed,adam,warm,fogas_diag,adam,exact,44,44,cuda:7,ok,,966.4369256799982,200.0,0.0,-200.0,200.0,0.0,-200.0,-109.86146114355562,-47.346452537417505,-7.705138899480204,-109.8018421697081,249.67815534744628,0.00012772876578741476,111.04439022354731,0.44069372417191033,16
3e-05,1e-08,0.02,20000,0.0003,10,1e-07,,16x16,,reg_fixed,adam,warm,fogas_diag,adam,exact,44,44,cuda:5,ok,,967.142541868001,200.0,0.0,-200.0,200.0,0.0,-200.0,-109.8645745168468,-47.288986314006976,-7.708250225461098,-109.80489292618009,257.96462332872716,7.898641369204727e-05,111.07143357401618,0.44315886527201237,38
3e-05,1e-08,0.5,20000,0.0001,10,1e-07,,16x16,,reg_fixed,adam,warm,fogas_diag,adam,exact,44,44,cuda:5,ok,,967.4050091649988,200.0,0.0,-200.0,200.0,0.0,-200.0,-37.04593013570152,-13.593829660390249,-2.8896675313969666,-36.97902303545339,99.7094301338553,2.9373982075810612e-05,38.98125580212604,0.446379965738957,78
3e-05,1e-08,0.1,20000,0.0001,10,1e-05,,16x16,,reg_fixed,adam,warm,fogas_diag,adam,exact,44,44,cuda:7,ok,,967.5481461570016,200.0,0.0,-200.0,200.0,0.0,-200.0,-37.044680736175316,-13.601940339031223,-2.888418569285018,-36.977800088206166,86.24563909563823,2.8669858445283116e-05,39.003992473773735,0.44554508462667464,56
3e-05,1e-08,0.5,20000,0.001,10,1e-07,,16x16,,reg_fixed,adam,warm,fogas_diag,adam,exact,44,44,cuda:5,ok,,967.8614213539986,200.0,0.0,-200.0,200.0,0.0,-200.0,-360.1604016482645,-325.32690066665907,-20.019339969147005,-360.1514132216423,916.2206376981773,11.83150579717258,336.0335916965829,0.48519162677099836,94
3e-05,1e-08,0.1,20000,0.0003,10,1e-05,,16x16,,reg_fixed,adam,warm,fogas_diag,adam,exact,44,44,cuda:7,ok,,967.9293325170001,200.0,0.0,-200.0,200.0,0.0,-200.0,-109.86115872152189,-47.34773006675651,-7.704836477387738,-109.80154113577626,249.67803832139253,0.00012754747131925697,111.0677597210976,0.4406925189398071,64
3e-05,1e-08,0.005,20000,0.0001,10,1e-12,,16x16,,reg_fixed,adam,warm,fogas_diag,adam,exact,44,44,cuda:0,ok,,967.9784437310009,200.0,0.0,-200.0,200.0,0.0,-200.0,-37.0466033668057,-13.590732916997213,-2.8903407509627614,-36.979686194693784,199.17736057389752,2.9944804044979004e-05,38.98442810998227,0.44639625841861935,7
3e-05,1e-08,0.005,20000,0.001,10,1e-05,,16x16,,reg_fixed,adam,warm,fogas_diag,adam,exact,44,44,cuda:7,ok,,968.2375564219838,200.0,0.0,-200.0,200.0,0.0,-200.0,-352.1969922890758,-310.9021161981301,-12.057680281157563,-352.19719398325486,876.0945822641878,7.008881305431452,210.2950826669197,0.44185095764102944,24
3e-05,1e-08,0.1,20000,0.0003,10,1e-07,,16x16,,reg_fixed,adam,warm,fogas_diag,adam,exact,44,44,cuda:5,ok,,968.257740075991,200.0,0.0,-200.0,200.0,0.0,-200.0,-109.8643188009023,-47.29008440674808,-7.707994510776822,-109.80463840339098,257.96326868444163,7.907061030913652e-05,111.05481167368224,0.44315783570120376,62
3e-05,1e-08,0.02,20000,0.001,10,1e-07,,16x16,,reg_fixed,adam,warm,fogas_diag,adam,exact,44,44,cuda:5,ok,,968.4265521810157,200.0,0.0,-200.0,200.0,0.0,-200.0,-354.96392436833474,-252.24266494721763,-14.808793503471884,-354.93565083521526,836.2163503234814,4.349201485943852,574.0848011764858,0.4319026475099921,46
3e-05,1e-08,0.5,20000,0.0003,10,1e-05,,16x16,,reg_fixed,adam,warm,fogas_diag,adam,exact,44,44,cuda:7,ok,,968.6373578519851,200.0,0.0,-200.0,200.0,0.0,-200.0,-109.85988501616178,-47.35311429154338,-7.7035627718546085,-109.80027328049455,249.6775187484798,0.00012751098810531592,111.0679067285814,0.4406873994165735,88
3e-05,1e-08,0.02,20000,0.0001,10,1e-07,,16x16,,reg_fixed,adam,warm,fogas_diag,adam,exact,44,44,cuda:5,ok,,968.6637950799777,200.0,0.0,-200.0,200.0,0.0,-200.0,-37.04650961204693,-13.591817425552389,-2.890247007536165,-36.979595974634655,99.71306293264564,2.9374073304824684e-05,38.98559713293907,0.4463868859085374,31
3e-05,1e-08,0.5,20000,0.0003,10,1e-07,,16x16,,reg_fixed,adam,warm,fogas_diag,adam,exact,44,44,cuda:5,ok,,968.6747607879806,200.0,0.0,-200.0,200.0,0.0,-200.0,-109.86304588544064,-47.29521263472886,-7.7067215947243985,-109.80337105908401,257.9547873963611,7.90582851460555e-05,111.05230562108791,0.44315271807344075,86
3e-05,1e-08,0.5,20000,0.0001,10,1e-06,,16x16,,reg_fixed,adam,warm,fogas_diag,adam,exact,44,44,cuda:6,ok,,968.7955196530093,200.0,0.0,-200.0,200.0,0.0,-200.0,-37.04562364677499,-13.59585382625551,-2.8893611362973717,-36.978723144034774,90.87992191939226,2.9294338454611723e-05,38.98281863096985,0.44630178964682005,79
3e-05,1e-08,0.02,20000,0.0001,10,1e-05,,16x16,,reg_fixed,adam,warm,fogas_diag,adam,exact,44,44,cuda:7,ok,,969.1090086720069,200.0,0.0,-200.0,200.0,0.0,-200.0,-37.04477728479592,-13.601596011439444,-2.888515117872319,-36.9778955181155,86.24584269804902,2.8670403419998814e-05,39.0046401687731,0.445546237252714,32
3e-05,1e-08,0.1,20000,0.0001,10,1e-06,,16x16,,reg_fixed,adam,warm,fogas_diag,adam,exact,44,44,cuda:6,ok,,969.1283565609774,200.0,0.0,-200.0,200.0,0.0,-200.0,-37.0461066913772,-13.594150979818782,-2.889844180725109,-36.97920065631952,90.88229938325672,2.9296773148604616e-05,38.98623265244228,0.4463075571810482,55
3e-05,1e-08,0.02,20000,0.0003,10,1e-05,,16x16,,reg_fixed,adam,warm,fogas_diag,adam,exact,44,44,cuda:7,ok,,969.3536377570126,200.0,0.0,-200.0,200.0,0.0,-200.0,-109.86141322703449,-47.346658922128285,-7.705090982816545,-109.80179447752184,249.6781579497281,0.00012735826152097645,111.0677547026202,0.4406935419298765,40
3e-05,1e-08,0.5,20000,0.0003,10,1e-06,,16x16,,reg_fixed,adam,warm,fogas_diag,adam,exact,44,44,cuda:6,ok,,969.5008989890048,200.0,0.0,-200.0,200.0,0.0,-200.0,-109.86210031991946,-47.313282295042015,-7.70577620403676,-109.80244518199919,252.76013702707277,0.00010790131053971204,111.13565186460222,0.4429260083095795,87
3e-05,1e-08,0.005,20000,0.001,10,1e-06,,16x16,,reg_fixed,adam,warm,fogas_diag,adam,exact,44,44,cuda:6,ok,,969.735300573986,200.0,0.0,-200.0,200.0,0.0,-200.0,-366.25186986406834,-313.6914767066245,-26.09712954228675,-366.23990757213556,916.0873030737324,53.68650580004865,546.9021590187223,0.5766557445931548,23
3e-05,1e-08,0.005,20000,0.001,10,1e-07,,16x16,,reg_fixed,adam,warm,fogas_diag,adam,exact,44,44,cuda:5,ok,,970.2237390590017,200.0,0.0,-200.0,200.0,0.0,-200.0,-355.419368777775,-336.0815363353117,-15.28186837769902,-355.4202601953012,945.6548377870237,25.925171135039257,655.2314868282344,0.5184800920173445,22
3e-05,1e-08,0.02,20000,0.001,10,1e-06,,16x16,,reg_fixed,adam,warm,fogas_diag,adam,exact,44,44,cuda:6,ok,,970.2504955320037,200.0,0.0,-200.0,200.0,0.0,-200.0,-353.8144401511757,-297.8515423503492,-13.659751595060266,-353.80763046770323,933.4421305596508,1.7316600616064435,169.7531549885429,0.4399117144852019,47
3e-05,1e-08,0.02,20000,0.0003,10,1e-06,,16x16,,reg_fixed,adam,warm,fogas_diag,adam,exact,44,44,cuda:6,ok,,970.5364755989867,200.0,0.0,-200.0,200.0,0.0,-200.0,-109.86362973464854,-47.30704894359667,-7.707305619590823,-109.80396782476981,252.75995133991643,0.0001076961614330741,111.13735933970291,0.44293215687265974,39
3e-05,1e-08,0.5,20000,0.001,10,1e-05,,16x16,,reg_fixed,adam,warm,fogas_diag,adam,exact,44,44,cuda:7,ok,,970.6655084369995,200.0,0.0,-200.0,200.0,0.0,-200.0,-352.1524071361683,-313.8091433365266,-12.015606155669847,-352.1503812448681,871.993659136612,6.418814519431979,211.8638737816677,0.4601802351363643,96
3e-05,1e-08,0.1,20000,0.001,10,1e-05,,16x16,,reg_fixed,adam,warm,fogas_diag,adam,exact,44,44,cuda:7,ok,,970.6671070469893,200.0,0.0,-200.0,200.0,0.0,-200.0,-352.89239672094874,-322.5582440319938,-12.749259168366416,-352.88601974089767,873.2634219573453,10.265060376451963,685.8968529797056,0.47798120167930364,72
3e-05,1e-08,0.5,20000,0.001,10,1e-06,,16x16,,reg_fixed,adam,warm,fogas_diag,adam,exact,44,44,cuda:6,ok,,971.0991100550164,200.0,0.0,-200.0,200.0,0.0,-200.0,-357.78883911987504,-351.0372224704672,-17.63999690591304,-357.78424860316017,921.6544027247803,43.30977168167085,620.6607783782703,0.5726210725598004,95
3e-05,1e-08,0.1,20000,0.001,10,1e-06,,16x16,,reg_fixed,adam,warm,fogas_diag,adam,exact,44,44,cuda:6,ok,,971.242735790991,200.0,0.0,-200.0,200.0,0.0,-200.0,-354.6867388967878,-307.28301391198914,-14.553218589532294,-354.68643947317736,940.2348874723745,3.2517161373903516,232.66780006955028,1.395440518336191,71
3e-05,1e-08,0.02,20000,0.001,10,1e-05,,16x16,,reg_fixed,adam,warm,fogas_diag,adam,exact,44,44,cuda:7,ok,,971.7940570719948,200.0,0.0,-200.0,200.0,0.0,-200.0,-355.86069222956536,-320.8368035684466,-15.715479632316228,-355.8583086997694,877.2381286954706,2.1531502393818056,266.2092857327464,0.5392086653643049,48
3e-05,1e-08,0.005,20000,0.0001,10,1e-10,,16x16,,reg_fixed,adam,warm,fogas_diag,adam,exact,44,44,cuda:2,ok,,973.3484729409975,200.0,0.0,-200.0,200.0,0.0,-200.0,-37.04660316927206,-13.590746221240657,-2.8903405534414564,-36.97968604052238,192.2462387862258,2.994151731925122e-05,38.98443317974276,0.4463962483722131,8
3e-05,1e-08,0.5,20000,0.0001,10,1e-05,,16x16,,reg_fixed,adam,warm,fogas_diag,adam,exact,44,44,cuda:7,ok,,976.2348778120067,200.0,0.0,-200.0,200.0,0.0,-200.0,-37.04419806506097,-13.60366181311922,-2.887935898347501,-36.97732301011552,86.24462100720375,2.866701510861515e-05,39.000756498981914,0.4455393223607668,80
