run_idx,stage,metric,alpha,rho,eta,T,D_theta,D_pi,per_run_metric_1
1,grid,0.7665888077766017,0.0001,0.01,1e-06,2000,0.1,0.020000000000000004,0.7665888077766017
2,grid,0.7665888077766017,0.0001,0.01,1e-06,2000,0.5,0.1,0.7665888077766017
3,grid,0.7665888077766017,0.0001,0.01,1e-06,2000,1.0,0.2,0.7665888077766017
4,grid,0.7665888077766017,0.0001,0.01,1e-06,2000,5.0,1.0,0.7665888077766017
5,grid,0.7665888077766017,0.0001,0.01,1e-06,2000,20.0,4.0,0.7665888077766017
6,grid,0.7665888077766017,0.0001,0.1,1e-06,2000,0.1,0.020000000000000004,0.7665888077766017
7,grid,0.7665888077766017,0.0001,0.1,1e-06,2000,0.5,0.1,0.7665888077766017
8,grid,0.7665888077766017,0.0001,0.1,1e-06,2000,1.0,0.2,0.7665888077766017
9,grid,0.7665888077766017,0.0001,0.1,1e-06,2000,5.0,1.0,0.7665888077766017
10,grid,0.7665888077766017,0.0001,0.1,1e-06,2000,20.0,4.0,0.7665888077766017
11,grid,0.7665888077766017,0.0001,1.0,1e-06,2000,0.1,0.020000000000000004,0.7665888077766017
12,grid,0.7665888077766017,0.0001,1.0,1e-06,2000,0.5,0.1,0.7665888077766017
13,grid,0.7665888077766017,0.0001,1.0,1e-06,2000,1.0,0.2,0.7665888077766017
14,grid,0.7665888077766017,0.0001,1.0,1e-06,2000,5.0,1.0,0.7665888077766017
15,grid,0.7665888077766017,0.0001,1.0,1e-06,2000,20.0,4.0,0.7665888077766017
16,grid,0.7665888077766017,0.0001,10.0,1e-06,2000,0.1,0.020000000000000004,0.7665888077766017
17,grid,0.7665888077766017,0.0001,10.0,1e-06,2000,0.5,0.1,0.7665888077766017
18,grid,0.7665888077766017,0.0001,10.0,1e-06,2000,1.0,0.2,0.7665888077766017
19,grid,0.7665888077766017,0.0001,10.0,1e-06,2000,5.0,1.0,0.7665888077766017
20,grid,0.7665888077766017,0.0001,10.0,1e-06,2000,20.0,4.0,0.7665888077766017
21,grid,0.7665888077766017,0.0001,100.0,1e-06,2000,0.1,0.020000000000000004,0.7665888077766017
22,grid,0.7665888077766017,0.0001,100.0,1e-06,2000,0.5,0.1,0.7665888077766017
23,grid,0.7665888077766017,0.0001,100.0,1e-06,2000,1.0,0.2,0.7665888077766017
24,grid,0.7665888077766017,0.0001,100.0,1e-06,2000,5.0,1.0,0.7665888077766017
25,grid,0.7665888077766017,0.0001,100.0,1e-06,2000,20.0,4.0,0.7665888077766017
26,grid,0.7665888077766017,0.0001,0.01,1e-05,2000,0.1,0.020000000000000004,0.7665888077766017
27,grid,0.7665888077766017,0.0001,0.01,1e-05,2000,0.5,0.1,0.7665888077766017
28,grid,0.7665888077766017,0.0001,0.01,1e-05,2000,1.0,0.2,0.7665888077766017
29,grid,0.7665888077766017,0.0001,0.01,1e-05,2000,5.0,1.0,0.7665888077766017
30,grid,0.6347308867028293,0.0001,0.01,1e-05,2000,20.0,4.0,0.6347308867028293
31,grid,0.7665888077766017,0.0001,0.1,1e-05,2000,0.1,0.020000000000000004,0.7665888077766017
32,grid,0.7665888077766017,0.0001,0.1,1e-05,2000,0.5,0.1,0.7665888077766017
33,grid,0.7665888077766017,0.0001,0.1,1e-05,2000,1.0,0.2,0.7665888077766017
34,grid,0.7665888077766017,0.0001,0.1,1e-05,2000,5.0,1.0,0.7665888077766017
35,grid,0.6347308867028293,0.0001,0.1,1e-05,2000,20.0,4.0,0.6347308867028293
36,grid,0.7665888077766017,0.0001,1.0,1e-05,2000,0.1,0.020000000000000004,0.7665888077766017
37,grid,0.7665888077766017,0.0001,1.0,1e-05,2000,0.5,0.1,0.7665888077766017
38,grid,0.7665888077766017,0.0001,1.0,1e-05,2000,1.0,0.2,0.7665888077766017
39,grid,0.7665888077766017,0.0001,1.0,1e-05,2000,5.0,1.0,0.7665888077766017
40,grid,0.6347308867028293,0.0001,1.0,1e-05,2000,20.0,4.0,0.6347308867028293
41,grid,0.7665888077766017,0.0001,10.0,1e-05,2000,0.1,0.020000000000000004,0.7665888077766017
42,grid,0.7665888077766017,0.0001,10.0,1e-05,2000,0.5,0.1,0.7665888077766017
43,grid,0.7665888077766017,0.0001,10.0,1e-05,2000,1.0,0.2,0.7665888077766017
44,grid,0.7665888077766017,0.0001,10.0,1e-05,2000,5.0,1.0,0.7665888077766017
45,grid,0.6347308867028293,0.0001,10.0,1e-05,2000,20.0,4.0,0.6347308867028293
46,grid,0.7665888077766017,0.0001,100.0,1e-05,2000,0.1,0.020000000000000004,0.7665888077766017
47,grid,0.7665888077766017,0.0001,100.0,1e-05,2000,0.5,0.1,0.7665888077766017
48,grid,0.7665888077766017,0.0001,100.0,1e-05,2000,1.0,0.2,0.7665888077766017
49,grid,0.7665888077766017,0.0001,100.0,1e-05,2000,5.0,1.0,0.7665888077766017
50,grid,0.6613152701437723,0.0001,100.0,1e-05,2000,20.0,4.0,0.6613152701437723
51,grid,0.7665888077766017,0.0001,0.01,0.0001,2000,0.1,0.020000000000000004,0.7665888077766017
52,grid,0.7665888077766017,0.0001,0.01,0.0001,2000,0.5,0.1,0.7665888077766017
53,grid,0.7665888077766017,0.0001,0.01,0.0001,2000,1.0,0.2,0.7665888077766017
54,grid,0.6613152701437723,0.0001,0.01,0.0001,2000,5.0,1.0,0.6613152701437723
55,grid,0.6186455985137862,0.0001,0.01,0.0001,2000,20.0,4.0,0.6186455985137862
56,grid,0.7665888077766017,0.0001,0.1,0.0001,2000,0.1,0.020000000000000004,0.7665888077766017
57,grid,0.7665888077766017,0.0001,0.1,0.0001,2000,0.5,0.1,0.7665888077766017
58,grid,0.7665888077766017,0.0001,0.1,0.0001,2000,1.0,0.2,0.7665888077766017
59,grid,0.6613152701437723,0.0001,0.1,0.0001,2000,5.0,1.0,0.6613152701437723
60,grid,0.6347308867028293,0.0001,0.1,0.0001,2000,20.0,4.0,0.6347308867028293
61,grid,0.7665888077766017,0.0001,1.0,0.0001,2000,0.1,0.020000000000000004,0.7665888077766017
62,grid,0.7665888077766017,0.0001,1.0,0.0001,2000,0.5,0.1,0.7665888077766017
63,grid,0.7665888077766017,0.0001,1.0,0.0001,2000,1.0,0.2,0.7665888077766017
64,grid,0.6613152701437723,0.0001,1.0,0.0001,2000,5.0,1.0,0.6613152701437723
65,grid,0.6347308867028293,0.0001,1.0,0.0001,2000,20.0,4.0,0.6347308867028293
66,grid,0.7665888077766017,0.0001,10.0,0.0001,2000,0.1,0.020000000000000004,0.7665888077766017
67,grid,0.7665888077766017,0.0001,10.0,0.0001,2000,0.5,0.1,0.7665888077766017
68,grid,0.7665888077766017,0.0001,10.0,0.0001,2000,1.0,0.2,0.7665888077766017
69,grid,0.6452299819547292,0.0001,10.0,0.0001,2000,5.0,1.0,0.6452299819547292
70,grid,0.6347308867028293,0.0001,10.0,0.0001,2000,20.0,4.0,0.6347308867028293
71,grid,0.7665888077766017,0.0001,100.0,0.0001,2000,0.1,0.020000000000000004,0.7665888077766017
72,grid,0.7665888077766017,0.0001,100.0,0.0001,2000,0.5,0.1,0.7665888077766017
73,grid,0.7665888077766017,0.0001,100.0,0.0001,2000,1.0,0.2,0.7665888077766017
74,grid,0.7665888077766017,0.0001,100.0,0.0001,2000,5.0,1.0,0.7665888077766017
75,grid,0.6613152701437723,0.0001,100.0,0.0001,2000,20.0,4.0,0.6613152701437723
76,grid,0.7665888077766017,0.0001,0.01,0.001,2000,0.1,0.020000000000000004,0.7665888077766017
77,grid,0.7665888077766017,0.0001,0.01,0.001,2000,0.5,0.1,0.7665888077766017
78,grid,0.7277933410366155,0.0001,0.01,0.001,2000,1.0,0.2,0.7277933410366155
79,grid,0.7277933410366155,0.0001,0.01,0.001,2000,5.0,1.0,0.7277933410366155
80,grid,0.7536269617866016,0.0001,0.01,0.001,2000,20.0,4.0,0.7536269617866016
81,grid,0.7665888077766017,0.0001,0.1,0.001,2000,0.1,0.020000000000000004,0.7665888077766017
82,grid,0.7665888077766017,0.0001,0.1,0.001,2000,0.5,0.1,0.7665888077766017
83,grid,0.7277933410366155,0.0001,0.1,0.001,2000,1.0,0.2,0.7277933410366155
84,grid,0.7277933410366155,0.0001,0.1,0.001,2000,5.0,1.0,0.7277933410366155
85,grid,0.7309167832356586,0.0001,0.1,0.001,2000,20.0,4.0,0.7309167832356586
86,grid,0.7665888077766017,0.0001,1.0,0.001,2000,0.1,0.020000000000000004,0.7665888077766017
87,grid,0.7665888077766017,0.0001,1.0,0.001,2000,0.5,0.1,0.7665888077766017
88,grid,0.7665888077766017,0.0001,1.0,0.001,2000,1.0,0.2,0.7665888077766017
89,grid,0.6452299819547292,0.0001,1.0,0.001,2000,5.0,1.0,0.6452299819547292
90,grid,0.6528838223933644,0.0001,1.0,0.001,2000,20.0,4.0,0.6528838223933644
91,grid,0.7665888077766017,0.0001,10.0,0.001,2000,0.1,0.020000000000000004,0.7665888077766017
92,grid,0.7665888077766017,0.0001,10.0,0.001,2000,0.5,0.1,0.7665888077766017
93,grid,0.7665888077766017,0.0001,10.0,0.001,2000,1.0,0.2,0.7665888077766017
94,grid,0.6452299819547292,0.0001,10.0,0.001,2000,5.0,1.0,0.6452299819547292
95,grid,0.6347308867028293,0.0001,10.0,0.001,2000,20.0,4.0,0.6347308867028293
96,grid,0.7665888077766017,0.0001,100.0,0.001,2000,0.1,0.020000000000000004,0.7665888077766017
97,grid,0.7665888077766017,0.0001,100.0,0.001,2000,0.5,0.1,0.7665888077766017
98,grid,0.7665888077766017,0.0001,100.0,0.001,2000,1.0,0.2,0.7665888077766017
99,grid,0.7665888077766017,0.0001,100.0,0.001,2000,5.0,1.0,0.7665888077766017
100,grid,0.6613152701437723,0.0001,100.0,0.001,2000,20.0,4.0,0.6613152701437723
101,grid,0.7665888077766017,0.0001,0.01,0.01,2000,0.1,0.020000000000000004,0.7665888077766017
102,grid,0.7665888077766017,0.0001,0.01,0.01,2000,0.5,0.1,0.7665888077766017
103,grid,0.7277933410366155,0.0001,0.01,0.01,2000,1.0,0.2,0.7277933410366155
104,grid,0.7665888077766017,0.0001,0.01,0.01,2000,5.0,1.0,0.7665888077766017
105,grid,0.7665888077766017,0.0001,0.01,0.01,2000,20.0,4.0,0.7665888077766017
106,grid,0.7665888077766017,0.0001,0.1,0.01,2000,0.1,0.020000000000000004,0.7665888077766017
107,grid,0.7665888077766017,0.0001,0.1,0.01,2000,0.5,0.1,0.7665888077766017
108,grid,0.7277933410366155,0.0001,0.1,0.01,2000,1.0,0.2,0.7277933410366155
109,grid,0.7277933410366155,0.0001,0.1,0.01,2000,5.0,1.0,0.7277933410366155
110,grid,0.7665888077766017,0.0001,0.1,0.01,2000,20.0,4.0,0.7665888077766017
111,grid,0.7665888077766017,0.0001,1.0,0.01,2000,0.1,0.020000000000000004,0.7665888077766017
112,grid,0.7665888077766017,0.0001,1.0,0.01,2000,0.5,0.1,0.7665888077766017
113,grid,0.7438786292256586,0.0001,1.0,0.01,2000,1.0,0.2,0.7438786292256586
114,grid,0.6452299819547292,0.0001,1.0,0.01,2000,5.0,1.0,0.6452299819547292
115,grid,0.6528838223933644,0.0001,1.0,0.01,2000,20.0,4.0,0.6528838223933644
116,grid,0.7665888077766017,0.0001,10.0,0.01,2000,0.1,0.020000000000000004,0.7665888077766017
117,grid,0.7665888077766017,0.0001,10.0,0.01,2000,0.5,0.1,0.7665888077766017
118,grid,0.7665888077766017,0.0001,10.0,0.01,2000,1.0,0.2,0.7665888077766017
119,grid,0.6452299819547292,0.0001,10.0,0.01,2000,5.0,1.0,0.6452299819547292
120,grid,0.6347308867028293,0.0001,10.0,0.01,2000,20.0,4.0,0.6347308867028293
121,grid,0.7665888077766017,0.0001,100.0,0.01,2000,0.1,0.020000000000000004,0.7665888077766017
122,grid,0.7665888077766017,0.0001,100.0,0.01,2000,0.5,0.1,0.7665888077766017
123,grid,0.7665888077766017,0.0001,100.0,0.01,2000,1.0,0.2,0.7665888077766017
124,grid,0.7665888077766017,0.0001,100.0,0.01,2000,5.0,1.0,0.7665888077766017
125,grid,0.6613152701437723,0.0001,100.0,0.01,2000,20.0,4.0,0.6613152701437723
126,grid,0.7665888077766017,0.0001,0.01,0.1,2000,0.1,0.020000000000000004,0.7665888077766017
127,grid,0.7665888077766017,0.0001,0.01,0.1,2000,0.5,0.1,0.7665888077766017
128,grid,0.7438786292256586,0.0001,0.01,0.1,2000,1.0,0.2,0.7438786292256586
129,grid,0.7277933410366155,0.0001,0.01,0.1,2000,5.0,1.0,0.7277933410366155
130,grid,0.7277933410366155,0.0001,0.01,0.1,2000,20.0,4.0,0.7277933410366155
131,grid,0.7665888077766017,0.0001,0.1,0.1,2000,0.1,0.020000000000000004,0.7665888077766017
132,grid,0.7665888077766017,0.0001,0.1,0.1,2000,0.5,0.1,0.7665888077766017
133,grid,0.7277933410366155,0.0001,0.1,0.1,2000,1.0,0.2,0.7277933410366155
134,grid,0.7277933410366155,0.0001,0.1,0.1,2000,5.0,1.0,0.7277933410366155
135,grid,0.7277933410366155,0.0001,0.1,0.1,2000,20.0,4.0,0.7277933410366155
136,grid,0.7665888077766017,0.0001,1.0,0.1,2000,0.1,0.020000000000000004,0.7665888077766017
137,grid,0.7665888077766017,0.0001,1.0,0.1,2000,0.5,0.1,0.7665888077766017
138,grid,0.7277933410366155,0.0001,1.0,0.1,2000,1.0,0.2,0.7277933410366155
139,grid,0.7050831624856724,0.0001,1.0,0.1,2000,5.0,1.0,0.7050831624856724
140,grid,0.6921213164956723,0.0001,1.0,0.1,2000,20.0,4.0,0.6921213164956723
141,grid,0.7665888077766017,0.0001,10.0,0.1,2000,0.1,0.020000000000000004,0.7665888077766017
142,grid,0.7665888077766017,0.0001,10.0,0.1,2000,0.5,0.1,0.7665888077766017
143,grid,0.7665888077766017,0.0001,10.0,0.1,2000,1.0,0.2,0.7665888077766017
144,grid,0.6452299819547292,0.0001,10.0,0.1,2000,5.0,1.0,0.6452299819547292
145,grid,0.6347308867028293,0.0001,10.0,0.1,2000,20.0,4.0,0.6347308867028293
146,grid,0.7665888077766017,0.0001,100.0,0.1,2000,0.1,0.020000000000000004,0.7665888077766017
147,grid,0.7665888077766017,0.0001,100.0,0.1,2000,0.5,0.1,0.7665888077766017
148,grid,0.7665888077766017,0.0001,100.0,0.1,2000,1.0,0.2,0.7665888077766017
149,grid,0.7665888077766017,0.0001,100.0,0.1,2000,5.0,1.0,0.7665888077766017
150,grid,0.6613152701437723,0.0001,100.0,0.1,2000,20.0,4.0,0.6613152701437723
151,grid,0.7665888077766017,0.001,0.01,1e-06,2000,0.1,0.2,0.7665888077766017
152,grid,0.7665888077766017,0.001,0.01,1e-06,2000,0.5,1.0,0.7665888077766017
153,grid,0.7665888077766017,0.001,0.01,1e-06,2000,1.0,2.0,0.7665888077766017
154,grid,0.7665888077766017,0.001,0.01,1e-06,2000,5.0,10.0,0.7665888077766017
155,grid,0.7082066046847155,0.001,0.01,1e-06,2000,20.0,40.0,0.7082066046847155
156,grid,0.7665888077766017,0.001,0.1,1e-06,2000,0.1,0.2,0.7665888077766017
157,grid,0.7665888077766017,0.001,0.1,1e-06,2000,0.5,1.0,0.7665888077766017
158,grid,0.7665888077766017,0.001,0.1,1e-06,2000,1.0,2.0,0.7665888077766017
159,grid,0.7665888077766017,0.001,0.1,1e-06,2000,5.0,10.0,0.7665888077766017
160,grid,0.7082066046847155,0.001,0.1,1e-06,2000,20.0,40.0,0.7082066046847155
161,grid,0.7665888077766017,0.001,1.0,1e-06,2000,0.1,0.2,0.7665888077766017
162,grid,0.7665888077766017,0.001,1.0,1e-06,2000,0.5,1.0,0.7665888077766017
163,grid,0.7665888077766017,0.001,1.0,1e-06,2000,1.0,2.0,0.7665888077766017
164,grid,0.7665888077766017,0.001,1.0,1e-06,2000,5.0,10.0,0.7665888077766017
165,grid,0.7082066046847155,0.001,1.0,1e-06,2000,20.0,40.0,0.7082066046847155
166,grid,0.7665888077766017,0.001,10.0,1e-06,2000,0.1,0.2,0.7665888077766017
167,grid,0.7665888077766017,0.001,10.0,1e-06,2000,0.5,1.0,0.7665888077766017
168,grid,0.7665888077766017,0.001,10.0,1e-06,2000,1.0,2.0,0.7665888077766017
169,grid,0.7665888077766017,0.001,10.0,1e-06,2000,5.0,10.0,0.7665888077766017
170,grid,0.7082066046847155,0.001,10.0,1e-06,2000,20.0,40.0,0.7082066046847155
171,grid,0.7665888077766017,0.001,100.0,1e-06,2000,0.1,0.2,0.7665888077766017
172,grid,0.7665888077766017,0.001,100.0,1e-06,2000,0.5,1.0,0.7665888077766017
173,grid,0.7665888077766017,0.001,100.0,1e-06,2000,1.0,2.0,0.7665888077766017
174,grid,0.7665888077766017,0.001,100.0,1e-06,2000,5.0,10.0,0.7665888077766017
175,grid,0.7082066046847155,0.001,100.0,1e-06,2000,20.0,40.0,0.7082066046847155
176,grid,0.7665888077766017,0.001,0.01,1e-05,2000,0.1,0.2,0.7665888077766017
177,grid,0.7665888077766017,0.001,0.01,1e-05,2000,0.5,1.0,0.7665888077766017
178,grid,0.7665888077766017,0.001,0.01,1e-05,2000,1.0,2.0,0.7665888077766017
179,grid,0.6725345801437723,0.001,0.01,1e-05,2000,5.0,10.0,0.6725345801437723
180,grid,0.5878395521618861,0.001,0.01,1e-05,2000,20.0,40.0,0.5878395521618861
181,grid,0.7665888077766017,0.001,0.1,1e-05,2000,0.1,0.2,0.7665888077766017
182,grid,0.7665888077766017,0.001,0.1,1e-05,2000,0.5,1.0,0.7665888077766017
183,grid,0.7665888077766017,0.001,0.1,1e-05,2000,1.0,2.0,0.7665888077766017
184,grid,0.6725345801437723,0.001,0.1,1e-05,2000,5.0,10.0,0.6725345801437723
185,grid,0.5878395521618861,0.001,0.1,1e-05,2000,20.0,40.0,0.5878395521618861
186,grid,0.7665888077766017,0.001,1.0,1e-05,2000,0.1,0.2,0.7665888077766017
187,grid,0.7665888077766017,0.001,1.0,1e-05,2000,0.5,1.0,0.7665888077766017
188,grid,0.7665888077766017,0.001,1.0,1e-05,2000,1.0,2.0,0.7665888077766017
189,grid,0.6725345801437723,0.001,1.0,1e-05,2000,5.0,10.0,0.6725345801437723
190,grid,0.5878395521618861,0.001,1.0,1e-05,2000,20.0,40.0,0.5878395521618861
191,grid,0.7665888077766017,0.001,10.0,1e-05,2000,0.1,0.2,0.7665888077766017
192,grid,0.7665888077766017,0.001,10.0,1e-05,2000,0.5,1.0,0.7665888077766017
193,grid,0.7665888077766017,0.001,10.0,1e-05,2000,1.0,2.0,0.7665888077766017
194,grid,0.6725345801437723,0.001,10.0,1e-05,2000,5.0,10.0,0.6725345801437723
195,grid,0.5878395521618861,0.001,10.0,1e-05,2000,20.0,40.0,0.5878395521618861
196,grid,0.7665888077766017,0.001,100.0,1e-05,2000,0.1,0.2,0.7665888077766017
197,grid,0.7665888077766017,0.001,100.0,1e-05,2000,0.5,1.0,0.7665888077766017
198,grid,0.7665888077766017,0.001,100.0,1e-05,2000,1.0,2.0,0.7665888077766017
199,grid,0.7277933410366155,0.001,100.0,1e-05,2000,5.0,10.0,0.7277933410366155
200,grid,0.6613152701437723,0.001,100.0,1e-05,2000,20.0,40.0,0.6613152701437723
201,grid,0.7665888077766017,0.001,0.01,0.0001,2000,0.1,0.2,0.7665888077766017
202,grid,0.7665888077766017,0.001,0.01,0.0001,2000,0.5,1.0,0.7665888077766017
203,grid,0.7050831624856724,0.001,0.01,0.0001,2000,1.0,2.0,0.7050831624856724
204,grid,0.6061273429728431,0.001,0.01,0.0001,2000,5.0,10.0,0.6061273429728431
205,grid,0.4976878060900001,0.001,0.01,0.0001,2000,20.0,40.0,0.4976878060900001
206,grid,0.7665888077766017,0.001,0.1,0.0001,2000,0.1,0.2,0.7665888077766017
207,grid,0.7665888077766017,0.001,0.1,0.0001,2000,0.5,1.0,0.7665888077766017
208,grid,0.7050831624856724,0.001,0.1,0.0001,2000,1.0,2.0,0.7050831624856724
209,grid,0.6061273429728431,0.001,0.1,0.0001,2000,5.0,10.0,0.6061273429728431
210,grid,0.4976878060900001,0.001,0.1,0.0001,2000,20.0,40.0,0.4976878060900001
211,grid,0.7665888077766017,0.001,1.0,0.0001,2000,0.1,0.2,0.7665888077766017
212,grid,0.7665888077766017,0.001,1.0,0.0001,2000,0.5,1.0,0.7665888077766017
213,grid,0.7277933410366155,0.001,1.0,0.0001,2000,1.0,2.0,0.7277933410366155
214,grid,0.6631990657028293,0.001,1.0,0.0001,2000,5.0,10.0,0.6631990657028293
215,grid,0.4976878060900001,0.001,1.0,0.0001,2000,20.0,40.0,0.4976878060900001
216,grid,0.7665888077766017,0.001,10.0,0.0001,2000,0.1,0.2,0.7665888077766017
217,grid,0.7665888077766017,0.001,10.0,0.0001,2000,0.5,1.0,0.7665888077766017
218,grid,0.7277933410366155,0.001,10.0,0.0001,2000,1.0,2.0,0.7277933410366155
219,grid,0.6347308867028293,0.001,10.0,0.0001,2000,5.0,10.0,0.6347308867028293
220,grid,0.521819367481,0.001,10.0,0.0001,2000,20.0,40.0,0.521819367481
221,grid,0.7665888077766017,0.001,100.0,0.0001,2000,0.1,0.2,0.7665888077766017
222,grid,0.7665888077766017,0.001,100.0,0.0001,2000,0.5,1.0,0.7665888077766017
223,grid,0.7665888077766017,0.001,100.0,0.0001,2000,1.0,2.0,0.7665888077766017
224,grid,0.7082066046847155,0.001,100.0,0.0001,2000,5.0,10.0,0.7082066046847155
225,grid,0.5878395521618861,0.001,100.0,0.0001,2000,20.0,40.0,0.5878395521618861
226,grid,0.7665888077766017,0.001,0.01,0.001,2000,0.1,0.2,0.7665888077766017
227,grid,0.6452299819547292,0.001,0.01,0.001,2000,0.5,1.0,0.6452299819547292
228,grid,0.6347308867028293,0.001,0.01,0.001,2000,1.0,2.0,0.6347308867028293
229,grid,0.5558641539805351,0.001,0.01,0.001,2000,5.0,10.0,0.5558641539805351
230,grid,0.6528838223933644,0.001,0.01,0.001,2000,20.0,40.0,0.6528838223933644
231,grid,0.7665888077766017,0.001,0.1,0.001,2000,0.1,0.2,0.7665888077766017
232,grid,0.6452299819547292,0.001,0.1,0.001,2000,0.5,1.0,0.6452299819547292
233,grid,0.6441800724295392,0.001,0.1,0.001,2000,1.0,2.0,0.6441800724295392
234,grid,0.5558641539805351,0.001,0.1,0.001,2000,5.0,10.0,0.5558641539805351
235,grid,0.6528838223933644,0.001,0.1,0.001,2000,20.0,40.0,0.6528838223933644
236,grid,0.7665888077766017,0.001,1.0,0.001,2000,0.1,0.2,0.7665888077766017
237,grid,0.6921213164956723,0.001,1.0,0.001,2000,0.5,1.0,0.6921213164956723
238,grid,0.6347308867028293,0.001,1.0,0.001,2000,1.0,2.0,0.6347308867028293
239,grid,0.5824138309705351,0.001,1.0,0.001,2000,5.0,10.0,0.5824138309705351
240,grid,0.5333008749805351,0.001,1.0,0.001,2000,20.0,40.0,0.5333008749805351
241,grid,0.7665888077766017,0.001,10.0,0.001,2000,0.1,0.2,0.7665888077766017
242,grid,0.7665888077766017,0.001,10.0,0.001,2000,0.5,1.0,0.7665888077766017
243,grid,0.7277933410366155,0.001,10.0,0.001,2000,1.0,2.0,0.7277933410366155
244,grid,0.6347308867028293,0.001,10.0,0.001,2000,5.0,10.0,0.6347308867028293
245,grid,0.48421216819,0.001,10.0,0.001,2000,20.0,40.0,0.48421216819
246,grid,0.7665888077766017,0.001,100.0,0.001,2000,0.1,0.2,0.7665888077766017
247,grid,0.7665888077766017,0.001,100.0,0.001,2000,0.5,1.0,0.7665888077766017
248,grid,0.7665888077766017,0.001,100.0,0.001,2000,1.0,2.0,0.7665888077766017
249,grid,0.7082066046847155,0.001,100.0,0.001,2000,5.0,10.0,0.7082066046847155
250,grid,0.5878395521618861,0.001,100.0,0.001,2000,20.0,40.0,0.5878395521618861
251,grid,0.7277933410366155,0.001,0.01,0.01,2000,0.1,0.2,0.7277933410366155
252,grid,0.6581918279447293,0.001,0.01,0.01,2000,0.5,1.0,0.6581918279447293
253,grid,0.6581918279447293,0.001,0.01,0.01,2000,1.0,2.0,0.6581918279447293
254,grid,0.6868133109443075,0.001,0.01,0.01,2000,5.0,10.0,0.6868133109443075
255,grid,0.7804949128866016,0.001,0.01,0.01,2000,20.0,40.0,0.7804949128866016
256,grid,0.7277933410366155,0.001,0.1,0.01,2000,0.1,0.2,0.7277933410366155
257,grid,0.6581918279447293,0.001,0.1,0.01,2000,0.5,1.0,0.6581918279447293
258,grid,0.6347308867028293,0.001,0.1,0.01,2000,1.0,2.0,0.6347308867028293
259,grid,0.6097515120044903,0.001,0.1,0.01,2000,5.0,10.0,0.6097515120044903
260,grid,0.7451955140361937,0.001,0.1,0.01,2000,20.0,40.0,0.7451955140361937
261,grid,0.7665888077766017,0.001,1.0,0.01,2000,0.1,0.2,0.7665888077766017
262,grid,0.6452299819547292,0.001,1.0,0.01,2000,0.5,1.0,0.6452299819547292
263,grid,0.6441800724295392,0.001,1.0,0.01,2000,1.0,2.0,0.6441800724295392
264,grid,0.5646335209705351,0.001,1.0,0.01,2000,5.0,10.0,0.5646335209705351
265,grid,0.527986464980535,0.001,1.0,0.01,2000,20.0,40.0,0.527986464980535
266,grid,0.7665888077766017,0.001,10.0,0.01,2000,0.1,0.2,0.7665888077766017
267,grid,0.7665888077766017,0.001,10.0,0.01,2000,0.5,1.0,0.7665888077766017
268,grid,0.7277933410366155,0.001,10.0,0.01,2000,1.0,2.0,0.7277933410366155
269,grid,0.5937444521618862,0.001,10.0,0.01,2000,5.0,10.0,0.5937444521618862
270,grid,0.47990749609000005,0.001,10.0,0.01,2000,20.0,40.0,0.47990749609000005
271,grid,0.7665888077766017,0.001,100.0,0.01,2000,0.1,0.2,0.7665888077766017
272,grid,0.7665888077766017,0.001,100.0,0.01,2000,0.5,1.0,0.7665888077766017
273,grid,0.7665888077766017,0.001,100.0,0.01,2000,1.0,2.0,0.7665888077766017
274,grid,0.7082066046847155,0.001,100.0,0.01,2000,5.0,10.0,0.7082066046847155
275,grid,0.5878395521618861,0.001,100.0,0.01,2000,20.0,40.0,0.5878395521618861
276,grid,0.7145323482123824,0.001,0.01,0.1,2000,0.1,0.2,0.7145323482123824
277,grid,0.6694111379447294,0.001,0.01,0.1,2000,0.5,1.0,0.6694111379447294
278,grid,0.6581918279447293,0.001,0.01,0.1,2000,1.0,2.0,0.6581918279447293
279,grid,0.6244463054900882,0.001,0.01,0.1,2000,5.0,10.0,0.6244463054900882
280,grid,0.6153586643900881,0.001,0.01,0.1,2000,20.0,40.0,0.6153586643900881
281,grid,0.7277933410366155,0.001,0.1,0.1,2000,0.1,0.2,0.7277933410366155
282,grid,0.6581918279447293,0.001,0.1,0.1,2000,0.5,1.0,0.6581918279447293
283,grid,0.6186455985137862,0.001,0.1,0.1,2000,1.0,2.0,0.6186455985137862
284,grid,0.5964281213877802,0.001,0.1,0.1,2000,5.0,10.0,0.5964281213877802
285,grid,0.5964281213877802,0.001,0.1,0.1,2000,20.0,40.0,0.5964281213877802
286,grid,0.7665888077766017,0.001,1.0,0.1,2000,0.1,0.2,0.7665888077766017
287,grid,0.6452299819547292,0.001,1.0,0.1,2000,0.5,1.0,0.6452299819547292
288,grid,0.6347308867028293,0.001,1.0,0.1,2000,1.0,2.0,0.6347308867028293
289,grid,0.5692277162224352,0.001,1.0,0.1,2000,5.0,10.0,0.5692277162224352
290,grid,0.5871967999705352,0.001,1.0,0.1,2000,20.0,40.0,0.5871967999705352
291,grid,0.7665888077766017,0.001,10.0,0.1,2000,0.1,0.2,0.7665888077766017
292,grid,0.7665888077766017,0.001,10.0,0.1,2000,0.5,1.0,0.7665888077766017
293,grid,0.7277933410366155,0.001,10.0,0.1,2000,1.0,2.0,0.7277933410366155
294,grid,0.5937444521618862,0.001,10.0,0.1,2000,5.0,10.0,0.5937444521618862
295,grid,0.5860615211618863,0.001,10.0,0.1,2000,20.0,40.0,0.5860615211618863
296,grid,0.7665888077766017,0.001,100.0,0.1,2000,0.1,0.2,0.7665888077766017
297,grid,0.7665888077766017,0.001,100.0,0.1,2000,0.5,1.0,0.7665888077766017
298,grid,0.7665888077766017,0.001,100.0,0.1,2000,1.0,2.0,0.7665888077766017
299,grid,0.7082066046847155,0.001,100.0,0.1,2000,5.0,10.0,0.7082066046847155
300,grid,0.5878395521618861,0.001,100.0,0.1,2000,20.0,40.0,0.5878395521618861
301,grid,0.7665888077766017,0.01,0.01,1e-06,2000,0.1,2.0,0.7665888077766017
302,grid,0.7665888077766017,0.01,0.01,1e-06,2000,0.5,10.0,0.7665888077766017
303,grid,0.7665888077766017,0.01,0.01,1e-06,2000,1.0,20.0,0.7665888077766017
304,grid,0.7082066046847155,0.01,0.01,1e-06,2000,5.0,100.0,0.7082066046847155
305,grid,0.6811736506240724,0.01,0.01,1e-06,2000,20.0,400.0,0.6811736506240724
306,grid,0.7665888077766017,0.01,0.1,1e-06,2000,0.1,2.0,0.7665888077766017
307,grid,0.7665888077766017,0.01,0.1,1e-06,2000,0.5,10.0,0.7665888077766017
308,grid,0.7665888077766017,0.01,0.1,1e-06,2000,1.0,20.0,0.7665888077766017
309,grid,0.7082066046847155,0.01,0.1,1e-06,2000,5.0,100.0,0.7082066046847155
310,grid,0.6811736506240724,0.01,0.1,1e-06,2000,20.0,400.0,0.6811736506240724
311,grid,0.7665888077766017,0.01,1.0,1e-06,2000,0.1,2.0,0.7665888077766017
312,grid,0.7665888077766017,0.01,1.0,1e-06,2000,0.5,10.0,0.7665888077766017
313,grid,0.7665888077766017,0.01,1.0,1e-06,2000,1.0,20.0,0.7665888077766017
314,grid,0.7082066046847155,0.01,1.0,1e-06,2000,5.0,100.0,0.7082066046847155
315,grid,0.7267141334473425,0.01,1.0,1e-06,2000,20.0,400.0,0.7267141334473425
316,grid,0.7665888077766017,0.01,10.0,1e-06,2000,0.1,2.0,0.7665888077766017
317,grid,0.7665888077766017,0.01,10.0,1e-06,2000,0.5,10.0,0.7665888077766017
318,grid,0.7665888077766017,0.01,10.0,1e-06,2000,1.0,20.0,0.7665888077766017
319,grid,0.7082066046847155,0.01,10.0,1e-06,2000,5.0,100.0,0.7082066046847155
320,grid,0.7267141334473425,0.01,10.0,1e-06,2000,20.0,400.0,0.7267141334473425
321,grid,0.7665888077766017,0.01,100.0,1e-06,2000,0.1,2.0,0.7665888077766017
322,grid,0.7665888077766017,0.01,100.0,1e-06,2000,0.5,10.0,0.7665888077766017
323,grid,0.7665888077766017,0.01,100.0,1e-06,2000,1.0,20.0,0.7665888077766017
324,grid,0.7082066046847155,0.01,100.0,1e-06,2000,5.0,100.0,0.7082066046847155
325,grid,0.7267141334473425,0.01,100.0,1e-06,2000,20.0,400.0,0.7267141334473425
326,grid,0.7665888077766017,0.01,0.01,1e-05,2000,0.1,2.0,0.7665888077766017
327,grid,0.7665888077766017,0.01,0.01,1e-05,2000,0.5,10.0,0.7665888077766017
328,grid,0.7277933410366155,0.01,0.01,1e-05,2000,1.0,20.0,0.7277933410366155
329,grid,0.6613152701437723,0.01,0.01,1e-05,2000,5.0,100.0,0.6613152701437723
330,grid,0.5468531176209431,0.01,0.01,1e-05,2000,20.0,400.0,0.5468531176209431
331,grid,0.7665888077766017,0.01,0.1,1e-05,2000,0.1,2.0,0.7665888077766017
332,grid,0.7665888077766017,0.01,0.1,1e-05,2000,0.5,10.0,0.7665888077766017
333,grid,0.7277933410366155,0.01,0.1,1e-05,2000,1.0,20.0,0.7277933410366155
334,grid,0.6613152701437723,0.01,0.1,1e-05,2000,5.0,100.0,0.6613152701437723
335,grid,0.5468531176209431,0.01,0.1,1e-05,2000,20.0,400.0,0.5468531176209431
336,grid,0.7665888077766017,0.01,1.0,1e-05,2000,0.1,2.0,0.7665888077766017
337,grid,0.7665888077766017,0.01,1.0,1e-05,2000,0.5,10.0,0.7665888077766017
338,grid,0.7277933410366155,0.01,1.0,1e-05,2000,1.0,20.0,0.7277933410366155
339,grid,0.6613152701437723,0.01,1.0,1e-05,2000,5.0,100.0,0.6613152701437723
340,grid,0.5468531176209431,0.01,1.0,1e-05,2000,20.0,400.0,0.5468531176209431
341,grid,0.7665888077766017,0.01,10.0,1e-05,2000,0.1,2.0,0.7665888077766017
342,grid,0.7665888077766017,0.01,10.0,1e-05,2000,0.5,10.0,0.7665888077766017
343,grid,0.7277933410366155,0.01,10.0,1e-05,2000,1.0,20.0,0.7277933410366155
344,grid,0.6613152701437723,0.01,10.0,1e-05,2000,5.0,100.0,0.6613152701437723
345,grid,0.5878395521618861,0.01,10.0,1e-05,2000,20.0,400.0,0.5878395521618861
346,grid,0.7665888077766017,0.01,100.0,1e-05,2000,0.1,2.0,0.7665888077766017
347,grid,0.7665888077766017,0.01,100.0,1e-05,2000,0.5,10.0,0.7665888077766017
348,grid,0.7277933410366155,0.01,100.0,1e-05,2000,1.0,20.0,0.7277933410366155
349,grid,0.6613152701437724,0.01,100.0,1e-05,2000,5.0,100.0,0.6613152701437724
350,grid,0.5878395521618861,0.01,100.0,1e-05,2000,20.0,400.0,0.5878395521618861
351,grid,0.7665888077766017,0.01,0.01,0.0001,2000,0.1,2.0,0.7665888077766017
352,grid,0.6725345801437723,0.01,0.01,0.0001,2000,0.5,10.0,0.6725345801437723
353,grid,0.6347308867028293,0.01,0.01,0.0001,2000,1.0,20.0,0.6347308867028293
354,grid,0.514136436481,0.01,0.01,0.0001,2000,5.0,100.0,0.514136436481
355,grid,0.4274732890000001,0.01,0.01,0.0001,2000,20.0,400.0,0.4274732890000001
356,grid,0.7665888077766017,0.01,0.1,0.0001,2000,0.1,2.0,0.7665888077766017
357,grid,0.6725345801437723,0.01,0.1,0.0001,2000,0.5,10.0,0.6725345801437723
358,grid,0.6347308867028293,0.01,0.1,0.0001,2000,1.0,20.0,0.6347308867028293
359,grid,0.514136436481,0.01,0.1,0.0001,2000,5.0,100.0,0.514136436481
360,grid,0.44132428900000004,0.01,0.1,0.0001,2000,20.0,400.0,0.44132428900000004
361,grid,0.7665888077766017,0.01,1.0,0.0001,2000,0.1,2.0,0.7665888077766017
362,grid,0.6854964261337724,0.01,1.0,0.0001,2000,0.5,10.0,0.6854964261337724
363,grid,0.6347308867028293,0.01,1.0,0.0001,2000,1.0,20.0,0.6347308867028293
364,grid,0.5319167464810001,0.01,1.0,0.0001,2000,5.0,100.0,0.5319167464810001
365,grid,0.44132428900000004,0.01,1.0,0.0001,2000,20.0,400.0,0.44132428900000004
366,grid,0.7665888077766017,0.01,10.0,0.0001,2000,0.1,2.0,0.7665888077766017
367,grid,0.7277933410366155,0.01,10.0,0.0001,2000,0.5,10.0,0.7277933410366155
368,grid,0.6725345801437723,0.01,10.0,0.0001,2000,1.0,20.0,0.6725345801437723
369,grid,0.5468531176209431,0.01,10.0,0.0001,2000,5.0,100.0,0.5468531176209431
370,grid,0.45960054498999997,0.01,10.0,0.0001,2000,20.0,400.0,0.45960054498999997
371,grid,0.7665888077766017,0.01,100.0,0.0001,2000,0.1,2.0,0.7665888077766017
372,grid,0.7665888077766017,0.01,100.0,0.0001,2000,0.5,10.0,0.7665888077766017
373,grid,0.7277933410366155,0.01,100.0,0.0001,2000,1.0,20.0,0.7277933410366155
374,grid,0.6613152701437724,0.01,100.0,0.0001,2000,5.0,100.0,0.6613152701437724
375,grid,0.5686161580119431,0.01,100.0,0.0001,2000,20.0,400.0,0.5686161580119431
376,grid,0.7050831624856724,0.01,0.01,0.001,2000,0.1,2.0,0.7050831624856724
377,grid,0.5847704823476532,0.01,0.01,0.001,2000,0.5,10.0,0.5847704823476532
378,grid,0.5207071178928432,0.01,0.01,0.001,2000,1.0,20.0,0.5207071178928432
379,grid,0.37523242,0.01,0.01,0.001,2000,5.0,100.0,0.37523242
380,grid,0.6262994389524212,0.01,0.01,0.001,2000,20.0,400.0,0.6262994389524212
381,grid,0.7277933410366155,0.01,0.1,0.001,2000,0.1,2.0,0.7277933410366155
382,grid,0.6050774334476532,0.01,0.1,0.001,2000,0.5,10.0,0.6050774334476532
383,grid,0.5207071178928432,0.01,0.1,0.001,2000,1.0,20.0,0.5207071178928432
384,grid,0.37523242,0.01,0.1,0.001,2000,5.0,100.0,0.37523242
385,grid,0.6262994389524212,0.01,0.1,0.001,2000,20.0,400.0,0.6262994389524212
386,grid,0.7277933410366155,0.01,1.0,0.001,2000,0.1,2.0,0.7277933410366155
387,grid,0.6396605561889296,0.01,1.0,0.001,2000,0.5,10.0,0.6396605561889296
388,grid,0.5753212966209431,0.01,1.0,0.001,2000,1.0,20.0,0.5753212966209431
389,grid,0.38252242000000003,0.01,1.0,0.001,2000,5.0,100.0,0.38252242000000003
390,grid,0.5333008749805351,0.01,1.0,0.001,2000,20.0,400.0,0.5333008749805351
391,grid,0.7665888077766017,0.01,10.0,0.001,2000,0.1,2.0,0.7665888077766017
392,grid,0.7082066046847155,0.01,10.0,0.001,2000,0.5,10.0,0.7082066046847155
393,grid,0.6613152701437723,0.01,10.0,0.001,2000,1.0,20.0,0.6613152701437723
394,grid,0.503448567481,0.01,10.0,0.001,2000,5.0,100.0,0.503448567481
395,grid,0.45960054498999997,0.01,10.0,0.001,2000,20.0,400.0,0.45960054498999997
396,grid,0.7665888077766017,0.01,100.0,0.001,2000,0.1,2.0,0.7665888077766017
397,grid,0.7665888077766017,0.01,100.0,0.001,2000,0.5,10.0,0.7665888077766017
398,grid,0.7277933410366155,0.01,100.0,0.001,2000,1.0,20.0,0.7277933410366155
399,grid,0.6613152701437724,0.01,100.0,0.001,2000,5.0,100.0,0.6613152701437724
400,grid,0.5686161580119431,0.01,100.0,0.001,2000,20.0,400.0,0.5686161580119431
401,grid,0.6410566302304963,0.01,0.01,0.01,2000,0.1,2.0,0.6410566302304963
402,grid,0.47605007154094314,0.01,0.01,0.01,2000,0.5,10.0,0.47605007154094314
403,grid,0.5747116727047155,0.01,0.01,0.01,2000,1.0,20.0,0.5747116727047155
404,grid,0.46228326499000005,0.01,0.01,0.01,2000,5.0,100.0,0.46228326499000005
405,grid,0.5657760335710001,0.01,0.01,0.01,2000,20.0,400.0,0.5657760335710001
406,grid,0.6410566302304963,0.01,0.1,0.01,2000,0.1,2.0,0.6410566302304963
407,grid,0.5011203815409432,0.01,0.1,0.01,2000,0.5,10.0,0.5011203815409432
408,grid,0.5731424941537724,0.01,0.1,0.01,2000,1.0,20.0,0.5731424941537724
409,grid,0.46228326499000005,0.01,0.1,0.01,2000,5.0,100.0,0.46228326499000005
410,grid,0.5175755092900001,0.01,0.1,0.01,2000,20.0,400.0,0.5175755092900001
411,grid,0.7277933410366155,0.01,1.0,0.01,2000,0.1,2.0,0.7277933410366155
412,grid,0.5766092544476532,0.01,1.0,0.01,2000,0.5,10.0,0.5766092544476532
413,grid,0.5265481275309432,0.01,1.0,0.01,2000,1.0,20.0,0.5265481275309432
414,grid,0.37523242,0.01,1.0,0.01,2000,5.0,100.0,0.37523242
415,grid,0.4036634200000001,0.01,1.0,0.01,2000,20.0,400.0,0.4036634200000001
416,grid,0.7665888077766017,0.01,10.0,0.01,2000,0.1,2.0,0.7665888077766017
417,grid,0.7082066046847155,0.01,10.0,0.01,2000,0.5,10.0,0.7082066046847155
418,grid,0.6613152701437723,0.01,10.0,0.01,2000,1.0,20.0,0.6613152701437723
419,grid,0.503448567481,0.01,10.0,0.01,2000,5.0,100.0,0.503448567481
420,grid,0.45960054498999997,0.01,10.0,0.01,2000,20.0,400.0,0.45960054498999997
421,grid,0.7665888077766017,0.01,100.0,0.01,2000,0.1,2.0,0.7665888077766017
422,grid,0.7665888077766017,0.01,100.0,0.01,2000,0.5,10.0,0.7665888077766017
423,grid,0.7277933410366155,0.01,100.0,0.01,2000,1.0,20.0,0.7277933410366155
424,grid,0.6613152701437724,0.01,100.0,0.01,2000,5.0,100.0,0.6613152701437724
425,grid,0.5686161580119431,0.01,100.0,0.01,2000,20.0,400.0,0.5686161580119431
426,grid,0.6081342950889297,0.01,0.01,0.1,2000,0.1,2.0,0.6081342950889297
427,grid,0.312553,0.01,0.01,0.1,2000,0.5,10.0,0.312553
428,grid,0.5139693381637723,0.01,0.01,0.1,2000,1.0,20.0,0.5139693381637723
429,grid,0.36342262000000003,0.01,0.01,0.1,2000,5.0,100.0,0.36342262000000003
430,grid,0.33908130999999997,0.01,0.01,0.1,2000,20.0,400.0,0.33908130999999997
431,grid,0.6410566302304963,0.01,0.1,0.1,2000,0.1,2.0,0.6410566302304963
432,grid,0.47605007154094314,0.01,0.1,0.1,2000,0.5,10.0,0.47605007154094314
433,grid,0.49214098892194313,0.01,0.1,0.1,2000,1.0,20.0,0.49214098892194313
434,grid,0.36932752,0.01,0.1,0.1,2000,5.0,100.0,0.36932752
435,grid,0.33908130999999997,0.01,0.1,0.1,2000,20.0,400.0,0.33908130999999997
436,grid,0.7277933410366155,0.01,1.0,0.1,2000,0.1,2.0,0.7277933410366155
437,grid,0.5766092544476532,0.01,1.0,0.1,2000,0.5,10.0,0.5766092544476532
438,grid,0.5140822275309432,0.01,1.0,0.1,2000,1.0,20.0,0.5140822275309432
439,grid,0.4015493200000001,0.01,1.0,0.1,2000,5.0,100.0,0.4015493200000001
440,grid,0.400427389,0.01,1.0,0.1,2000,20.0,400.0,0.400427389
441,grid,0.7665888077766017,0.01,10.0,0.1,2000,0.1,2.0,0.7665888077766017
442,grid,0.7082066046847155,0.01,10.0,0.1,2000,0.5,10.0,0.7082066046847155
443,grid,0.6613152701437723,0.01,10.0,0.1,2000,1.0,20.0,0.6613152701437723
444,grid,0.503448567481,0.01,10.0,0.1,2000,5.0,100.0,0.503448567481
445,grid,0.5095420168429,0.01,10.0,0.1,2000,20.0,400.0,0.5095420168429
446,grid,0.7665888077766017,0.01,100.0,0.1,2000,0.1,2.0,0.7665888077766017
447,grid,0.7665888077766017,0.01,100.0,0.1,2000,0.5,10.0,0.7665888077766017
448,grid,0.7277933410366155,0.01,100.0,0.1,2000,1.0,20.0,0.7277933410366155
449,grid,0.6613152701437724,0.01,100.0,0.1,2000,5.0,100.0,0.6613152701437724
450,grid,0.5686161580119431,0.01,100.0,0.1,2000,20.0,400.0,0.5686161580119431
451,grid,0.7665888077766017,0.1,0.01,1e-06,2000,0.1,20.0,0.7665888077766017
452,grid,0.7665888077766017,0.1,0.01,1e-06,2000,0.5,100.0,0.7665888077766017
453,grid,0.7277933410366155,0.1,0.01,1e-06,2000,1.0,200.0,0.7277933410366155
454,grid,0.7068557529670424,0.1,0.01,1e-06,2000,5.0,1000.0,0.7068557529670424
455,grid,0.6545892671831293,0.1,0.01,1e-06,2000,20.0,4000.0,0.6545892671831293
456,grid,0.7665888077766017,0.1,0.1,1e-06,2000,0.1,20.0,0.7665888077766017
457,grid,0.7665888077766017,0.1,0.1,1e-06,2000,0.5,100.0,0.7665888077766017
458,grid,0.7277933410366155,0.1,0.1,1e-06,2000,1.0,200.0,0.7277933410366155
459,grid,0.7068557529670424,0.1,0.1,1e-06,2000,5.0,1000.0,0.7068557529670424
460,grid,0.6545892671831293,0.1,0.1,1e-06,2000,20.0,4000.0,0.6545892671831293
461,grid,0.7665888077766017,0.1,1.0,1e-06,2000,0.1,20.0,0.7665888077766017
462,grid,0.7665888077766017,0.1,1.0,1e-06,2000,0.5,100.0,0.7665888077766017
463,grid,0.7277933410366155,0.1,1.0,1e-06,2000,1.0,200.0,0.7277933410366155
464,grid,0.7068557529670424,0.1,1.0,1e-06,2000,5.0,1000.0,0.7068557529670424
465,grid,0.6545892671831293,0.1,1.0,1e-06,2000,20.0,4000.0,0.6545892671831293
466,grid,0.7665888077766017,0.1,10.0,1e-06,2000,0.1,20.0,0.7665888077766017
467,grid,0.7665888077766017,0.1,10.0,1e-06,2000,0.5,100.0,0.7665888077766017
468,grid,0.7277933410366155,0.1,10.0,1e-06,2000,1.0,200.0,0.7277933410366155
469,grid,0.7068557529670424,0.1,10.0,1e-06,2000,5.0,1000.0,0.7068557529670424
470,grid,0.6882196088998394,0.1,10.0,1e-06,2000,20.0,4000.0,0.6882196088998394
471,grid,0.7665888077766017,0.1,100.0,1e-06,2000,0.1,20.0,0.7665888077766017
472,grid,0.7665888077766017,0.1,100.0,1e-06,2000,0.5,100.0,0.7665888077766017
473,grid,0.7277933410366155,0.1,100.0,1e-06,2000,1.0,200.0,0.7277933410366155
474,grid,0.7068557529670424,0.1,100.0,1e-06,2000,5.0,1000.0,0.7068557529670424
475,grid,0.6882196088998394,0.1,100.0,1e-06,2000,20.0,4000.0,0.6882196088998394
476,grid,0.7665888077766017,0.1,0.01,1e-05,2000,0.1,20.0,0.7665888077766017
477,grid,0.7082066046847155,0.1,0.01,1e-05,2000,0.5,100.0,0.7082066046847155
478,grid,0.7068557529670424,0.1,0.01,1e-05,2000,1.0,200.0,0.7068557529670424
479,grid,0.6438185278028292,0.1,0.01,1e-05,2000,5.0,1000.0,0.6438185278028292
480,grid,0.5201098255209431,0.1,0.01,1e-05,2000,20.0,4000.0,0.5201098255209431
481,grid,0.7665888077766017,0.1,0.1,1e-05,2000,0.1,20.0,0.7665888077766017
482,grid,0.7082066046847155,0.1,0.1,1e-05,2000,0.5,100.0,0.7082066046847155
483,grid,0.7068557529670424,0.1,0.1,1e-05,2000,1.0,200.0,0.7068557529670424
484,grid,0.6438185278028292,0.1,0.1,1e-05,2000,5.0,1000.0,0.6438185278028292
485,grid,0.5201098255209431,0.1,0.1,1e-05,2000,20.0,4000.0,0.5201098255209431
486,grid,0.7665888077766017,0.1,1.0,1e-05,2000,0.1,20.0,0.7665888077766017
487,grid,0.7082066046847155,0.1,1.0,1e-05,2000,0.5,100.0,0.7082066046847155
488,grid,0.7068557529670424,0.1,1.0,1e-05,2000,1.0,200.0,0.7068557529670424
489,grid,0.6438185278028292,0.1,1.0,1e-05,2000,5.0,1000.0,0.6438185278028292
490,grid,0.5428200040718862,0.1,1.0,1e-05,2000,20.0,4000.0,0.5428200040718862
491,grid,0.7665888077766017,0.1,10.0,1e-05,2000,0.1,20.0,0.7665888077766017
492,grid,0.7082066046847155,0.1,10.0,1e-05,2000,0.5,100.0,0.7082066046847155
493,grid,0.7082066046847155,0.1,10.0,1e-05,2000,1.0,200.0,0.7082066046847155
494,grid,0.6081465032618862,0.1,10.0,1e-05,2000,5.0,1000.0,0.6081465032618862
495,grid,0.5838064386128293,0.1,10.0,1e-05,2000,20.0,4000.0,0.5838064386128293
496,grid,0.7665888077766017,0.1,100.0,1e-05,2000,0.1,20.0,0.7665888077766017
497,grid,0.7277933410366155,0.1,100.0,1e-05,2000,0.5,100.0,0.7277933410366155
498,grid,0.7082066046847155,0.1,100.0,1e-05,2000,1.0,200.0,0.7082066046847155
499,grid,0.6545892671831293,0.1,100.0,1e-05,2000,5.0,1000.0,0.6545892671831293
500,grid,0.6041133897128292,0.1,100.0,1e-05,2000,20.0,4000.0,0.6041133897128292
501,grid,0.7277933410366155,0.1,0.01,0.0001,2000,0.1,20.0,0.7277933410366155
502,grid,0.6969872946847154,0.1,0.01,0.0001,2000,0.5,100.0,0.6969872946847154
503,grid,0.6111593479885962,0.1,0.01,0.0001,2000,1.0,200.0,0.6111593479885962
504,grid,0.6206003941537723,0.1,0.01,0.0001,2000,5.0,1000.0,0.6206003941537723
505,grid,0.41852795599,0.1,0.01,0.0001,2000,20.0,4000.0,0.41852795599
506,grid,0.7277933410366155,0.1,0.1,0.0001,2000,0.1,20.0,0.7277933410366155
507,grid,0.6969872946847154,0.1,0.1,0.0001,2000,0.5,100.0,0.6969872946847154
508,grid,0.6111593479885962,0.1,0.1,0.0001,2000,1.0,200.0,0.6111593479885962
509,grid,0.6206003941537723,0.1,0.1,0.0001,2000,5.0,1000.0,0.6206003941537723
510,grid,0.42269031999999995,0.1,0.1,0.0001,2000,20.0,4000.0,0.42269031999999995
511,grid,0.7277933410366155,0.1,1.0,0.0001,2000,0.1,20.0,0.7277933410366155
512,grid,0.6613152701437723,0.1,1.0,0.0001,2000,0.5,100.0,0.6613152701437723
513,grid,0.5926225211618862,0.1,1.0,0.0001,2000,1.0,200.0,0.5926225211618862
514,grid,0.6206003941537723,0.1,1.0,0.0001,2000,5.0,1000.0,0.6206003941537723
515,grid,0.43654132,0.1,1.0,0.0001,2000,20.0,4000.0,0.43654132
516,grid,0.7277933410366155,0.1,10.0,0.0001,2000,0.1,20.0,0.7277933410366155
517,grid,0.6613152701437724,0.1,10.0,0.0001,2000,0.5,100.0,0.6613152701437724
518,grid,0.6438185278028292,0.1,10.0,0.0001,2000,1.0,200.0,0.6438185278028292
519,grid,0.5385329810618862,0.1,10.0,0.0001,2000,5.0,1000.0,0.5385329810618862
520,grid,0.44484485599,0.1,10.0,0.0001,2000,20.0,4000.0,0.44484485599
521,grid,0.7665888077766017,0.1,100.0,0.0001,2000,0.1,20.0,0.7665888077766017
522,grid,0.7082066046847155,0.1,100.0,0.0001,2000,0.5,100.0,0.7082066046847155
523,grid,0.7082066046847155,0.1,100.0,0.0001,2000,1.0,200.0,0.7082066046847155
524,grid,0.6280048837421862,0.1,100.0,0.0001,2000,5.0,1000.0,0.6280048837421862
525,grid,0.5610962600618862,0.1,100.0,0.0001,2000,20.0,4000.0,0.5610962600618862
526,grid,0.5875835013295393,0.1,0.01,0.001,2000,0.1,20.0,0.5875835013295393
527,grid,0.5747116727047155,0.1,0.01,0.001,2000,0.5,100.0,0.5747116727047155
528,grid,0.4532270036228293,0.1,0.01,0.001,2000,1.0,200.0,0.4532270036228293
529,grid,0.37523242,0.1,0.01,0.001,2000,5.0,1000.0,0.37523242
530,grid,0.39221105599000006,0.1,0.01,0.001,2000,20.0,4000.0,0.39221105599000006
531,grid,0.5875835013295393,0.1,0.1,0.001,2000,0.1,20.0,0.5875835013295393
532,grid,0.5820016727047154,0.1,0.1,0.001,2000,0.5,100.0,0.5820016727047154
533,grid,0.5139693381637723,0.1,0.1,0.001,2000,1.0,200.0,0.5139693381637723
534,grid,0.37523242,0.1,0.1,0.001,2000,5.0,1000.0,0.37523242
535,grid,0.38565005599,0.1,0.1,0.001,2000,20.0,4000.0,0.38565005599
536,grid,0.7211684506747155,0.1,1.0,0.001,2000,0.1,20.0,0.7211684506747155
537,grid,0.5467270499747292,0.1,1.0,0.001,2000,0.5,100.0,0.5467270499747292
538,grid,0.5554172892637723,0.1,1.0,0.001,2000,1.0,200.0,0.5554172892637723
539,grid,0.38252242000000003,0.1,1.0,0.001,2000,5.0,1000.0,0.38252242000000003
540,grid,0.37836005599000005,0.1,1.0,0.001,2000,20.0,4000.0,0.37836005599000005
541,grid,0.7277933410366155,0.1,10.0,0.001,2000,0.1,20.0,0.7277933410366155
542,grid,0.6811736506240724,0.1,10.0,0.001,2000,0.5,100.0,0.6811736506240724
543,grid,0.6129294722618862,0.1,10.0,0.001,2000,1.0,200.0,0.6129294722618862
544,grid,0.5385329810618862,0.1,10.0,0.001,2000,5.0,1000.0,0.5385329810618862
545,grid,0.43654132,0.1,10.0,0.001,2000,20.0,4000.0,0.43654132
546,grid,0.7665888077766017,0.1,100.0,0.001,2000,0.1,20.0,0.7665888077766017
547,grid,0.7082066046847155,0.1,100.0,0.001,2000,0.5,100.0,0.7082066046847155
548,grid,0.7068557529670424,0.1,100.0,0.001,2000,1.0,200.0,0.7068557529670424
549,grid,0.6280048837421862,0.1,100.0,0.001,2000,5.0,1000.0,0.6280048837421862
550,grid,0.5610962600618862,0.1,100.0,0.001,2000,20.0,4000.0,0.5610962600618862
551,grid,0.4082043253519,0.1,0.01,0.01,2000,0.1,20.0,0.4082043253519
552,grid,0.5139693381637723,0.1,0.01,0.01,2000,0.5,100.0,0.5139693381637723
553,grid,0.4532270036228293,0.1,0.01,0.01,2000,1.0,200.0,0.4532270036228293
554,grid,0.35686162,0.1,0.01,0.01,2000,5.0,1000.0,0.35686162
555,grid,0.30016000000000004,0.1,0.01,0.01,2000,20.0,4000.0,0.30016000000000004
556,grid,0.4082043253519,0.1,0.1,0.01,2000,0.1,20.0,0.4082043253519
557,grid,0.4532270036228293,0.1,0.1,0.01,2000,0.5,100.0,0.4532270036228293
558,grid,0.4532270036228293,0.1,0.1,0.01,2000,1.0,200.0,0.4532270036228293
559,grid,0.36932752,0.1,0.1,0.01,2000,5.0,1000.0,0.36932752
560,grid,0.306721,0.1,0.1,0.01,2000,20.0,4000.0,0.306721
561,grid,0.6686327869704825,0.1,1.0,0.01,2000,0.1,20.0,0.6686327869704825
562,grid,0.6227206238047154,0.1,1.0,0.01,2000,0.5,100.0,0.6227206238047154
563,grid,0.5747116727047155,0.1,1.0,0.01,2000,1.0,200.0,0.5747116727047155
564,grid,0.37523242,0.1,1.0,0.01,2000,5.0,1000.0,0.37523242
565,grid,0.35860415599000006,0.1,1.0,0.01,2000,20.0,4000.0,0.35860415599000006
566,grid,0.7277933410366155,0.1,10.0,0.01,2000,0.1,20.0,0.7277933410366155
567,grid,0.6811736506240724,0.1,10.0,0.01,2000,0.5,100.0,0.6811736506240724
568,grid,0.6129294722618862,0.1,10.0,0.01,2000,1.0,200.0,0.6129294722618862
569,grid,0.5385329810618862,0.1,10.0,0.01,2000,5.0,1000.0,0.5385329810618862
570,grid,0.43237895599,0.1,10.0,0.01,2000,20.0,4000.0,0.43237895599
571,grid,0.7665888077766017,0.1,100.0,0.01,2000,0.1,20.0,0.7665888077766017
572,grid,0.7082066046847155,0.1,100.0,0.01,2000,0.5,100.0,0.7082066046847155
573,grid,0.7068557529670424,0.1,100.0,0.01,2000,1.0,200.0,0.7068557529670424
574,grid,0.6280048837421862,0.1,100.0,0.01,2000,5.0,1000.0,0.6280048837421862
575,grid,0.5610962600618862,0.1,100.0,0.01,2000,20.0,4000.0,0.5610962600618862
576,grid,0.40091432535190014,0.1,0.01,0.1,2000,0.1,20.0,0.40091432535190014
577,grid,0.271,0.1,0.01,0.1,2000,0.5,100.0,0.271
578,grid,0.4532270036228293,0.1,0.01,0.1,2000,1.0,200.0,0.4532270036228293
579,grid,0.29287,0.1,0.01,0.1,2000,5.0,1000.0,0.29287
580,grid,0.4532270036228293,0.1,0.01,0.1,2000,20.0,4000.0,0.4532270036228293
581,grid,0.40091432535190014,0.1,0.1,0.1,2000,0.1,20.0,0.40091432535190014
582,grid,0.4532270036228293,0.1,0.1,0.1,2000,0.5,100.0,0.4532270036228293
583,grid,0.4532270036228293,0.1,0.1,0.1,2000,1.0,200.0,0.4532270036228293
584,grid,0.29287,0.1,0.1,0.1,2000,5.0,1000.0,0.29287
585,grid,0.4532270036228293,0.1,0.1,0.1,2000,20.0,4000.0,0.4532270036228293
586,grid,0.6686327869704825,0.1,1.0,0.1,2000,0.1,20.0,0.6686327869704825
587,grid,0.6088696238047154,0.1,1.0,0.1,2000,0.5,100.0,0.6088696238047154
588,grid,0.5747116727047155,0.1,1.0,0.1,2000,1.0,200.0,0.5747116727047155
589,grid,0.5820016727047154,0.1,1.0,0.1,2000,5.0,1000.0,0.5820016727047154
590,grid,0.46051700362282927,0.1,1.0,0.1,2000,20.0,4000.0,0.46051700362282927
591,grid,0.7277933410366155,0.1,10.0,0.1,2000,0.1,20.0,0.7277933410366155
592,grid,0.6811736506240724,0.1,10.0,0.1,2000,0.5,100.0,0.6811736506240724
593,grid,0.6129294722618862,0.1,10.0,0.1,2000,1.0,200.0,0.6129294722618862
594,grid,0.5385329810618862,0.1,10.0,0.1,2000,5.0,1000.0,0.5385329810618862
595,grid,0.48830954310148167,0.1,10.0,0.1,2000,20.0,4000.0,0.48830954310148167
596,grid,0.7665888077766017,0.1,100.0,0.1,2000,0.1,20.0,0.7665888077766017
597,grid,0.7082066046847155,0.1,100.0,0.1,2000,0.5,100.0,0.7082066046847155
598,grid,0.7068557529670424,0.1,100.0,0.1,2000,1.0,200.0,0.7068557529670424
599,grid,0.6280048837421862,0.1,100.0,0.1,2000,5.0,1000.0,0.6280048837421862
600,grid,0.5383860815109431,0.1,100.0,0.1,2000,20.0,4000.0,0.5383860815109431
601,grid,0.7665888077766017,1.0,0.01,1e-06,2000,0.1,200.0,0.7665888077766017
602,grid,0.7082066046847155,1.0,0.01,1e-06,2000,0.5,1000.0,0.7082066046847155
603,grid,0.7068557529670424,1.0,0.01,1e-06,2000,1.0,2000.0,0.7068557529670424
604,grid,0.6933934628756915,1.0,0.01,1e-06,2000,5.0,10000.0,0.6933934628756915
605,grid,0.5200126833476532,1.0,0.01,1e-06,2000,20.0,40000.0,0.5200126833476532
606,grid,0.7665888077766017,1.0,0.1,1e-06,2000,0.1,200.0,0.7665888077766017
607,grid,0.7082066046847155,1.0,0.1,1e-06,2000,0.5,1000.0,0.7082066046847155
608,grid,0.7068557529670424,1.0,0.1,1e-06,2000,1.0,2000.0,0.7068557529670424
609,grid,0.6933934628756915,1.0,0.1,1e-06,2000,5.0,10000.0,0.6933934628756915
610,grid,0.5200126833476532,1.0,0.1,1e-06,2000,20.0,40000.0,0.5200126833476532
611,grid,0.7665888077766017,1.0,1.0,1e-06,2000,0.1,200.0,0.7665888077766017
612,grid,0.7082066046847155,1.0,1.0,1e-06,2000,0.5,1000.0,0.7082066046847155
613,grid,0.7068557529670424,1.0,1.0,1e-06,2000,1.0,2000.0,0.7068557529670424
614,grid,0.6933934628756915,1.0,1.0,1e-06,2000,5.0,10000.0,0.6933934628756915
615,grid,0.5200126833476532,1.0,1.0,1e-06,2000,20.0,40000.0,0.5200126833476532
616,grid,0.7665888077766017,1.0,10.0,1e-06,2000,0.1,200.0,0.7665888077766017
617,grid,0.7082066046847155,1.0,10.0,1e-06,2000,0.5,1000.0,0.7082066046847155
618,grid,0.7068557529670424,1.0,10.0,1e-06,2000,1.0,2000.0,0.7068557529670424
619,grid,0.6933934628756915,1.0,10.0,1e-06,2000,5.0,10000.0,0.6933934628756915
620,grid,0.5200126833476532,1.0,10.0,1e-06,2000,20.0,40000.0,0.5200126833476532
621,grid,0.7665888077766017,1.0,100.0,1e-06,2000,0.1,200.0,0.7665888077766017
622,grid,0.7082066046847155,1.0,100.0,1e-06,2000,0.5,1000.0,0.7082066046847155
623,grid,0.7082066046847155,1.0,100.0,1e-06,2000,1.0,2000.0,0.7082066046847155
624,grid,0.6933934628756915,1.0,100.0,1e-06,2000,5.0,10000.0,0.6933934628756915
625,grid,0.5200126833476532,1.0,100.0,1e-06,2000,20.0,40000.0,0.5200126833476532
626,grid,0.7277933410366155,1.0,0.01,1e-05,2000,0.1,200.0,0.7277933410366155
627,grid,0.7267141334473425,1.0,0.01,1e-05,2000,0.5,1000.0,0.7267141334473425
628,grid,0.7001590480704823,1.0,0.01,1e-05,2000,1.0,2000.0,0.7001590480704823
629,grid,0.7083202759704823,1.0,0.01,1e-05,2000,5.0,10000.0,0.7083202759704823
630,grid,0.4270251070900001,1.0,0.01,1e-05,2000,20.0,40000.0,0.4270251070900001
631,grid,0.7277933410366155,1.0,0.1,1e-05,2000,0.1,200.0,0.7277933410366155
632,grid,0.7267141334473425,1.0,0.1,1e-05,2000,0.5,1000.0,0.7267141334473425
633,grid,0.7001590480704823,1.0,0.1,1e-05,2000,1.0,2000.0,0.7001590480704823
634,grid,0.7083202759704823,1.0,0.1,1e-05,2000,5.0,10000.0,0.7083202759704823
635,grid,0.8784233454094309,1.0,0.1,1e-05,2000,20.0,40000.0,0.8784233454094309
636,grid,0.7277933410366155,1.0,1.0,1e-05,2000,0.1,200.0,0.7277933410366155
637,grid,0.7267141334473425,1.0,1.0,1e-05,2000,0.5,1000.0,0.7267141334473425
638,grid,0.7001590480704823,1.0,1.0,1e-05,2000,1.0,2000.0,0.7001590480704823
639,grid,0.7083202759704823,1.0,1.0,1e-05,2000,5.0,10000.0,0.7083202759704823
640,grid,0.8784233454094309,1.0,1.0,1e-05,2000,20.0,40000.0,0.8784233454094309
641,grid,0.7277933410366155,1.0,10.0,1e-05,2000,0.1,200.0,0.7277933410366155
642,grid,0.7267141334473425,1.0,10.0,1e-05,2000,0.5,1000.0,0.7267141334473425
643,grid,0.6973072499998394,1.0,10.0,1e-05,2000,1.0,2000.0,0.6973072499998394
644,grid,0.7083202759704823,1.0,10.0,1e-05,2000,5.0,10000.0,0.7083202759704823
645,grid,0.6577126238047154,1.0,10.0,1e-05,2000,20.0,40000.0,0.6577126238047154
646,grid,0.7277933410366155,1.0,100.0,1e-05,2000,0.1,200.0,0.7277933410366155
647,grid,0.7068557529670424,1.0,100.0,1e-05,2000,0.5,1000.0,0.7068557529670424
648,grid,0.7238916334407824,1.0,100.0,1e-05,2000,1.0,2000.0,0.7238916334407824
649,grid,0.7202304170770425,1.0,100.0,1e-05,2000,5.0,10000.0,0.7202304170770425
650,grid,0.6857584751562493,1.0,100.0,1e-05,2000,20.0,40000.0,0.6857584751562493
651,grid,0.7040332529604825,1.0,0.01,0.0001,2000,0.1,200.0,0.7040332529604825
652,grid,0.6615868286947154,1.0,0.01,0.0001,2000,0.5,1000.0,0.6615868286947154
653,grid,0.5788146171637722,1.0,0.01,0.0001,2000,1.0,2000.0,0.5788146171637722
654,grid,0.39375631000000005,1.0,0.01,0.0001,2000,5.0,10000.0,0.39375631000000005
655,grid,0.40671815599,1.0,0.01,0.0001,2000,20.0,40000.0,0.40671815599
656,grid,0.7040332529604825,1.0,0.1,0.0001,2000,0.1,200.0,0.7040332529604825
657,grid,0.6615868286947154,1.0,0.1,0.0001,2000,0.5,1000.0,0.6615868286947154
658,grid,0.5788146171637722,1.0,0.1,0.0001,2000,1.0,2000.0,0.5788146171637722
659,grid,0.39375631000000005,1.0,0.1,0.0001,2000,5.0,10000.0,0.39375631000000005
660,grid,0.40671815599,1.0,0.1,0.0001,2000,20.0,40000.0,0.40671815599
661,grid,0.7040332529604825,1.0,1.0,0.0001,2000,0.1,200.0,0.7040332529604825
662,grid,0.6615868286947154,1.0,1.0,0.0001,2000,0.5,1000.0,0.6615868286947154
663,grid,0.5869934941537723,1.0,1.0,0.0001,2000,1.0,2000.0,0.5869934941537723
664,grid,0.39375631000000005,1.0,1.0,0.0001,2000,5.0,10000.0,0.39375631000000005
665,grid,0.46376290900000006,1.0,1.0,0.0001,2000,20.0,40000.0,0.46376290900000006
666,grid,0.7211684506747155,1.0,10.0,0.0001,2000,0.1,200.0,0.7211684506747155
667,grid,0.6794310290566153,1.0,10.0,0.0001,2000,0.5,1000.0,0.6794310290566153
668,grid,0.6728061386947154,1.0,10.0,0.0001,2000,1.0,2000.0,0.6728061386947154
669,grid,0.39628295110000006,1.0,10.0,0.0001,2000,5.0,10000.0,0.39628295110000006
670,grid,0.4191840559900001,1.0,10.0,0.0001,2000,20.0,40000.0,0.4191840559900001
671,grid,0.7277933410366155,1.0,100.0,0.0001,2000,0.1,200.0,0.7277933410366155
672,grid,0.7267141334473425,1.0,100.0,0.0001,2000,0.5,1000.0,0.7267141334473425
673,grid,0.7001590480704823,1.0,100.0,0.0001,2000,1.0,2000.0,0.7001590480704823
674,grid,0.7083202759704823,1.0,100.0,0.0001,2000,5.0,10000.0,0.7083202759704823
675,grid,0.8784233454094309,1.0,100.0,0.0001,2000,20.0,40000.0,0.8784233454094309
676,grid,0.5692682892637724,1.0,0.01,0.001,2000,0.1,200.0,0.5692682892637724
677,grid,0.4532270036228293,1.0,0.01,0.001,2000,0.5,1000.0,0.4532270036228293
678,grid,0.4532270036228293,1.0,0.01,0.001,2000,1.0,2000.0,0.4532270036228293
679,grid,0.271,1.0,0.01,0.001,2000,5.0,10000.0,0.271
680,grid,0.34390000000000004,1.0,0.01,0.001,2000,20.0,40000.0,0.34390000000000004
681,grid,0.5692682892637724,1.0,0.1,0.001,2000,0.1,200.0,0.5692682892637724
682,grid,0.5139693381637723,1.0,0.1,0.001,2000,0.5,1000.0,0.5139693381637723
683,grid,0.4532270036228293,1.0,0.1,0.001,2000,1.0,2000.0,0.4532270036228293
684,grid,0.271,1.0,0.1,0.001,2000,5.0,10000.0,0.271
685,grid,0.34390000000000004,1.0,0.1,0.001,2000,20.0,40000.0,0.34390000000000004
686,grid,0.6615868286947154,1.0,1.0,0.001,2000,0.1,200.0,0.6615868286947154
687,grid,0.5576736171637723,1.0,1.0,0.001,2000,0.5,1000.0,0.5576736171637723
688,grid,0.5438226171637723,1.0,1.0,0.001,2000,1.0,2000.0,0.5438226171637723
689,grid,0.27829,1.0,1.0,0.001,2000,5.0,10000.0,0.27829
690,grid,0.39317311000000005,1.0,1.0,0.001,2000,20.0,40000.0,0.39317311000000005
691,grid,0.7040332529604825,1.0,10.0,0.001,2000,0.1,200.0,0.7040332529604825
692,grid,0.6674917286947154,1.0,10.0,0.001,2000,0.5,1000.0,0.6674917286947154
693,grid,0.6589551386947153,1.0,10.0,0.001,2000,1.0,2000.0,0.6589551386947153
694,grid,0.39375631000000005,1.0,10.0,0.001,2000,5.0,10000.0,0.39375631000000005
695,grid,0.40671815599,1.0,10.0,0.001,2000,20.0,40000.0,0.40671815599
696,grid,0.7277933410366155,1.0,100.0,0.001,2000,0.1,200.0,0.7277933410366155
697,grid,0.7267141334473425,1.0,100.0,0.001,2000,0.5,1000.0,0.7267141334473425
698,grid,0.7001590480704823,1.0,100.0,0.001,2000,1.0,2000.0,0.7001590480704823
699,grid,0.7083202759704823,1.0,100.0,0.001,2000,5.0,10000.0,0.7083202759704823
700,grid,0.8315320108684878,1.0,100.0,0.001,2000,20.0,40000.0,0.8315320108684878
701,grid,0.271,1.0,0.01,0.01,2000,0.1,200.0,0.271
702,grid,0.5139693381637723,1.0,0.01,0.01,2000,0.5,1000.0,0.5139693381637723
703,grid,0.4532270036228293,1.0,0.01,0.01,2000,1.0,2000.0,0.4532270036228293
704,grid,0.271,1.0,0.01,0.01,2000,5.0,10000.0,0.271
705,grid,0.34390000000000004,1.0,0.01,0.01,2000,20.0,40000.0,0.34390000000000004
706,grid,0.271,1.0,0.1,0.01,2000,0.1,200.0,0.271
707,grid,0.4532270036228293,1.0,0.1,0.01,2000,0.5,1000.0,0.4532270036228293
708,grid,0.4532270036228293,1.0,0.1,0.01,2000,1.0,2000.0,0.4532270036228293
709,grid,0.271,1.0,0.1,0.01,2000,5.0,10000.0,0.271
710,grid,0.34390000000000004,1.0,0.1,0.01,2000,20.0,40000.0,0.34390000000000004
711,grid,0.6373006238047154,1.0,1.0,0.01,2000,0.1,200.0,0.6373006238047154
712,grid,0.6045649517047154,1.0,1.0,0.01,2000,0.5,1000.0,0.6045649517047154
713,grid,0.5747116727047155,1.0,1.0,0.01,2000,1.0,2000.0,0.5747116727047155
714,grid,0.271,1.0,1.0,0.01,2000,5.0,10000.0,0.271
715,grid,0.34390000000000004,1.0,1.0,0.01,2000,20.0,40000.0,0.34390000000000004
716,grid,0.7040332529604825,1.0,10.0,0.01,2000,0.1,200.0,0.7040332529604825
717,grid,0.6674917286947154,1.0,10.0,0.01,2000,0.5,1000.0,0.6674917286947154
718,grid,0.6589551386947153,1.0,10.0,0.01,2000,1.0,2000.0,0.6589551386947153
719,grid,0.39375631000000005,1.0,10.0,0.01,2000,5.0,10000.0,0.39375631000000005
720,grid,0.46376290900000006,1.0,10.0,0.01,2000,20.0,40000.0,0.46376290900000006
721,grid,0.7277933410366155,1.0,100.0,0.01,2000,0.1,200.0,0.7277933410366155
722,grid,0.7267141334473425,1.0,100.0,0.01,2000,0.5,1000.0,0.7267141334473425
723,grid,0.7001590480704823,1.0,100.0,0.01,2000,1.0,2000.0,0.7001590480704823
724,grid,0.7083202759704823,1.0,100.0,0.01,2000,5.0,10000.0,0.7083202759704823
725,grid,0.4270251070900001,1.0,100.0,0.01,2000,20.0,40000.0,0.4270251070900001
726,grid,0.271,1.0,0.01,0.1,2000,0.1,200.0,0.271
727,grid,0.8784233454094309,1.0,0.01,0.1,2000,0.5,1000.0,0.8784233454094309
728,grid,0.4532270036228293,1.0,0.01,0.1,2000,1.0,2000.0,0.4532270036228293
729,grid,0.271,1.0,0.01,0.1,2000,5.0,10000.0,0.271
730,grid,0.271,1.0,0.01,0.1,2000,20.0,40000.0,0.271
731,grid,0.271,1.0,0.1,0.1,2000,0.1,200.0,0.271
732,grid,0.4532270036228293,1.0,0.1,0.1,2000,0.5,1000.0,0.4532270036228293
733,grid,0.4532270036228293,1.0,0.1,0.1,2000,1.0,2000.0,0.4532270036228293
734,grid,0.271,1.0,0.1,0.1,2000,5.0,10000.0,0.271
735,grid,0.271,1.0,0.1,0.1,2000,20.0,40000.0,0.271
736,grid,0.6373006238047154,1.0,1.0,0.1,2000,0.1,200.0,0.6373006238047154
737,grid,0.6045649517047154,1.0,1.0,0.1,2000,0.5,1000.0,0.6045649517047154
738,grid,0.5747116727047155,1.0,1.0,0.1,2000,1.0,2000.0,0.5747116727047155
739,grid,0.271,1.0,1.0,0.1,2000,5.0,10000.0,0.271
740,grid,0.271,1.0,1.0,0.1,2000,20.0,40000.0,0.271
741,grid,0.7040332529604825,1.0,10.0,0.1,2000,0.1,200.0,0.7040332529604825
742,grid,0.6674917286947154,1.0,10.0,0.1,2000,0.5,1000.0,0.6674917286947154
743,grid,0.6589551386947153,1.0,10.0,0.1,2000,1.0,2000.0,0.6589551386947153
744,grid,0.35293231,1.0,10.0,0.1,2000,5.0,10000.0,0.35293231
745,grid,0.39580254010000004,1.0,10.0,0.1,2000,20.0,40000.0,0.39580254010000004
746,grid,0.7277933410366155,1.0,100.0,0.1,2000,0.1,200.0,0.7277933410366155
747,grid,0.7267141334473425,1.0,100.0,0.1,2000,0.5,1000.0,0.7267141334473425
748,grid,0.7001590480704823,1.0,100.0,0.1,2000,1.0,2000.0,0.7001590480704823
749,grid,0.7083202759704823,1.0,100.0,0.1,2000,5.0,10000.0,0.7083202759704823
750,grid,0.8784233454094309,1.0,100.0,0.1,2000,20.0,40000.0,0.8784233454094309
